season,week,pair_id,v_baseline,rule_used
1,1,1,0.16666666666666666,rank
1,1,2,0.16666666666666666,rank
1,1,3,0.16666666666666666,rank
1,1,4,0.16666666666666666,rank
1,1,5,0.16666666666666666,rank
1,1,6,0.16666666666666666,rank
1,2,1,0.16399999999999998,rank
1,2,2,0.1982380952380952,rank
1,2,3,0.2269523809523809,rank
1,2,4,0.1643333333333333,rank
1,2,5,0.17266666666666663,rank
1,2,6,0.07380952380952378,rank
1,3,1,0.20813333333333334,rank
1,3,2,0.2366,rank
1,3,3,0.14526666666666666,rank
1,3,4,0.19833333333333333,rank
1,3,5,0.21166666666666664,rank
1,4,1,0.25,rank
1,4,2,0.25,rank
1,4,4,0.25,rank
1,4,5,0.25,rank
1,5,1,0.3371666666666666,rank
1,5,2,0.36166666666666664,rank
1,5,5,0.30116666666666664,rank
1,6,1,0.5,rank
1,6,2,0.5,rank
2,1,1,0.10370909090909089,rank
2,1,2,0.10379999999999998,rank
2,1,3,0.1103090909090909,rank
2,1,4,0.11019999999999998,rank
2,1,5,0.10119999999999998,rank
2,1,6,0.10107272727272726,rank
2,1,7,0.09990909090909089,rank
2,1,8,0.12154545454545453,rank
2,1,9,0.10298181818181816,rank
2,1,10,0.04527272727272727,rank
2,2,1,0.04817777777777778,rank
2,2,2,0.11566666666666667,rank
2,2,3,0.1180888888888889,rank
2,2,4,0.12228888888888889,rank
2,2,5,0.11437777777777779,rank
2,2,6,0.11460000000000001,rank
2,2,7,0.11393333333333333,rank
2,2,8,0.13733333333333334,rank
2,2,9,0.11553333333333334,rank
2,3,2,0.125,rank
2,3,3,0.125,rank
2,3,4,0.125,rank
2,3,5,0.125,rank
2,3,6,0.125,rank
2,3,7,0.125,rank
2,3,8,0.125,rank
2,3,9,0.125,rank
2,4,2,0.14660714285714288,rank
2,4,3,0.17139285714285712,rank
2,4,4,0.14707142857142858,rank
2,4,5,0.14592857142857144,rank
2,4,6,0.15107142857142858,rank
2,4,8,0.08803571428571429,rank
2,4,9,0.14989285714285713,rank
2,5,2,0.11128571428571428,rank
2,5,3,0.17776190476190476,rank
2,5,4,0.17257142857142857,rank
2,5,5,0.16885714285714284,rank
2,5,6,0.19323809523809524,rank
2,5,9,0.1762857142857143,rank
2,6,3,0.11819999999999999,rank
2,6,4,0.2174,rank
2,6,5,0.20266666666666666,rank
2,6,6,0.2591333333333333,rank
2,6,9,0.2026,rank
2,7,4,0.1392,rank
2,7,5,0.2636,rank
2,7,6,0.3212,rank
2,7,9,0.27599999999999997,rank
2,8,5,0.3333333333333333,rank
2,8,6,0.3333333333333333,rank
2,8,9,0.3333333333333333,rank
3,1,1,0.09090909090909091,percent
3,1,2,0.09090909090909091,percent
3,1,3,0.09090909090909091,percent
3,1,4,0.09090909090909091,percent
3,1,5,0.09090909090909091,percent
3,1,6,0.09090909090909091,percent
3,1,7,0.09090909090909091,percent
3,1,8,0.09090909090909091,percent
3,1,9,0.09090909090909091,percent
3,1,10,0.09090909090909091,percent
3,1,11,0.09090909090909091,percent
3,2,1,0.09995747570239868,percent
3,2,2,0.09995747570239923,percent
3,2,3,0.09995747570239974,percent
3,2,4,0.0999574757023976,percent
3,2,5,0.09995747570239859,percent
3,2,6,0.0999574757023978,percent
3,2,7,0.09364835805997013,percent
3,2,8,0.09995747570239814,percent
3,2,9,0.09995747570240042,percent
3,2,10,0.1066918363208397,percent
3,3,1,0.10404843009934607,percent
3,3,2,0.11105862659687354,percent
3,3,3,0.11105862659687338,percent
3,3,4,0.11105862659687311,percent
3,3,5,0.11105862659687481,percent
3,3,6,0.11854118372253448,percent
3,3,8,0.11105862659687453,percent
3,3,9,0.11105862659687507,percent
3,3,10,0.11105862659687495,percent
3,4,2,0.11506878547909818,percent
3,4,3,0.12489812265193502,percent
3,4,4,0.1248981226519356,percent
3,4,5,0.12489812265193555,percent
3,4,6,0.12489812265193426,percent
3,4,8,0.1248981226519347,percent
3,4,9,0.13527080568111838,percent
3,4,10,0.1251697955801083,percent
3,5,3,0.1427862492140023,percent
3,5,4,0.14479328834081395,percent
3,5,5,0.14278624921400315,percent
3,5,6,0.14278624921400335,percent
3,5,8,0.1337435645839079,percent
3,5,9,0.1427862492140024,percent
3,5,10,0.150318150219267,percent
3,6,3,0.2,percent
3,6,4,0.2,percent
3,6,5,0.2,percent
3,6,6,0.2,percent
3,6,10,0.2,percent
3,7,3,0.2,percent
3,7,4,0.2,percent
3,7,5,0.2,percent
3,7,6,0.2,percent
3,7,10,0.2,percent
3,8,3,0.25,percent
3,8,4,0.25,percent
3,8,5,0.25,percent
3,8,6,0.25,percent
3,9,4,0.3333333333333333,percent
3,9,5,0.3333333333333333,percent
3,9,6,0.3333333333333333,percent
3,10,5,0.5,percent
3,10,6,0.5,percent
4,1,1,0.09090909090909091,percent
4,1,2,0.09090909090909091,percent
4,1,3,0.09090909090909091,percent
4,1,4,0.09090909090909091,percent
4,1,5,0.09090909090909091,percent
4,1,6,0.09090909090909091,percent
4,1,7,0.09090909090909091,percent
4,1,8,0.09090909090909091,percent
4,1,9,0.09090909090909091,percent
4,1,10,0.09090909090909091,percent
4,1,11,0.09090909090909091,percent
4,2,1,0.09090909090909091,percent
4,2,2,0.09090909090909091,percent
4,2,3,0.09090909090909091,percent
4,2,4,0.09090909090909091,percent
4,2,5,0.09090909090909091,percent
4,2,6,0.09090909090909091,percent
4,2,7,0.09090909090909091,percent
4,2,8,0.09090909090909091,percent
4,2,9,0.09090909090909091,percent
4,2,10,0.09090909090909091,percent
4,2,11,0.09090909090909091,percent
4,3,1,0.09986851693582248,percent
4,3,2,0.09986851693581947,percent
4,3,3,0.11199382216498058,percent
4,3,4,0.09986851693581779,percent
4,3,5,0.09986851693581861,percent
4,3,6,0.08905804234846681,percent
4,3,8,0.0998685169358178,percent
4,3,9,0.09986851693581825,percent
4,3,10,0.0998685169358201,percent
4,3,11,0.09986851693581825,percent
4,4,1,0.11110425601830813,percent
4,4,2,0.11110425601830803,percent
4,4,3,0.11376681700467116,percent
4,4,4,0.11110425601830769,percent
4,4,5,0.11110425601830881,percent
4,4,8,0.11110398777554574,percent
4,4,9,0.11110425601830755,percent
4,4,10,0.1111042560183085,percent
4,4,11,0.10850365910993431,percent
4,5,1,0.125,percent
4,5,2,0.125,percent
4,5,3,0.125,percent
4,5,4,0.125,percent
4,5,5,0.125,percent
4,5,8,0.125,percent
4,5,9,0.125,percent
4,5,10,0.125,percent
4,6,1,0.14285714285714285,percent
4,6,2,0.14285714285714285,percent
4,6,4,0.14285714285714285,percent
4,6,5,0.14285714285714285,percent
4,6,8,0.14285714285714285,percent
4,6,9,0.14285714285714285,percent
4,6,10,0.14285714285714285,percent
4,7,1,0.1555961811967707,percent
4,7,2,0.16653855354421906,percent
4,7,4,0.16653855354421915,percent
4,7,5,0.16653840441758636,percent
4,7,9,0.17824990287961862,percent
4,7,10,0.1665384044175861,percent
4,8,2,0.2,percent
4,8,4,0.2,percent
4,8,5,0.2,percent
4,8,9,0.2,percent
4,8,10,0.2,percent
4,9,2,0.25,percent
4,9,4,0.25,percent
4,9,5,0.25,percent
4,9,10,0.25,percent
4,10,4,0.3333333333333333,percent
4,10,5,0.3333333333333333,percent
4,10,10,0.3333333333333333,percent
5,1,1,0.08333333333333333,percent
5,1,2,0.08333333333333333,percent
5,1,3,0.08333333333333333,percent
5,1,4,0.08333333333333333,percent
5,1,5,0.08333333333333333,percent
5,1,6,0.08333333333333333,percent
5,1,7,0.08333333333333333,percent
5,1,8,0.08333333333333333,percent
5,1,9,0.08333333333333333,percent
5,1,10,0.08333333333333333,percent
5,1,11,0.08333333333333333,percent
5,1,12,0.08333333333333333,percent
5,2,1,0.0907343207717099,percent
5,2,2,0.09073402282496304,percent
5,2,3,0.09073432077170498,percent
5,2,4,0.09073402282496072,percent
5,2,5,0.09073432077170346,percent
5,2,7,0.0787703210913571,percent
5,2,8,0.09073402282496136,percent
5,2,9,0.0907340228249616,percent
5,2,10,0.10398040512497056,percent
5,2,11,0.09073485706054346,percent
5,2,12,0.09137536310816383,percent
5,3,1,0.1,percent
5,3,2,0.1,percent
5,3,3,0.1,percent
5,3,4,0.1,percent
5,3,5,0.1,percent
5,3,8,0.1,percent
5,3,9,0.1,percent
5,3,10,0.1,percent
5,3,11,0.1,percent
5,3,12,0.1,percent
5,4,1,0.1111065213075963,percent
5,4,2,0.11110652130759577,percent
5,4,3,0.11110652130759635,percent
5,4,4,0.1111065213075945,percent
5,4,5,0.10899042328666397,percent
5,4,8,0.11110652130759502,percent
5,4,9,0.11110652130759496,percent
5,4,11,0.11110652130759481,percent
5,4,12,0.11326392756016826,percent
5,5,1,0.125,percent
5,5,2,0.125,percent
5,5,3,0.125,percent
5,5,4,0.125,percent
5,5,8,0.125,percent
5,5,9,0.125,percent
5,5,11,0.125,percent
5,5,12,0.125,percent
5,6,1,0.14278546630712718,percent
5,6,2,0.1503601189979052,percent
5,6,3,0.13369345233123853,percent
5,6,4,0.14278546630712677,percent
5,6,8,0.14278546630712677,percent
5,6,9,0.142785466307126,percent
5,6,11,0.14480456344234963,percent
5,7,1,0.16666666666666666,percent
5,7,2,0.16666666666666666,percent
5,7,4,0.16666666666666666,percent
5,7,8,0.16666666666666666,percent
5,7,9,0.16666666666666666,percent
5,7,11,0.16666666666666666,percent
5,8,1,0.2,percent
5,8,4,0.2,percent
5,8,8,0.2,percent
5,8,9,0.2,percent
5,8,11,0.2,percent
5,9,4,0.245744757806781,percent
5,9,8,0.24998173791971473,percent
5,9,9,0.24998173791971476,percent
5,9,11,0.25429176635378953,percent
5,10,8,0.3333333333333333,percent
5,10,9,0.3333333333333333,percent
5,10,11,0.3333333333333333,percent
6,1,1,0.08333333333333333,percent
6,1,2,0.08333333333333333,percent
6,1,3,0.08333333333333333,percent
6,1,4,0.08333333333333333,percent
6,1,5,0.08333333333333333,percent
6,1,6,0.08333333333333333,percent
6,1,7,0.08333333333333333,percent
6,1,8,0.08333333333333333,percent
6,1,9,0.08333333333333333,percent
6,1,10,0.08333333333333333,percent
6,1,11,0.08333333333333333,percent
6,1,12,0.08333333333333333,percent
6,2,1,0.08331520417974056,percent
6,2,2,0.08338782013195709,percent
6,2,3,0.08331520417973555,percent
6,2,4,0.0833152041797362,percent
6,2,5,0.08331520417973597,percent
6,2,6,0.08331520417973394,percent
6,2,7,0.0833152041797315,percent
6,2,8,0.08331520417973524,percent
6,2,9,0.08727887071561467,percent
6,2,10,0.07949676954829948,percent
6,2,11,0.08331490616624843,percent
6,2,12,0.08331520417973128,percent
6,3,1,0.09998071863986438,percent
6,3,2,0.09569101152238273,percent
6,3,3,0.09998071863986627,percent
6,3,4,0.09998071863986517,percent
6,3,5,0.09998071863986477,percent
6,3,6,0.10446294134694413,percent
6,3,7,0.0999807186398661,percent
6,3,8,0.09998071863986566,percent
6,3,11,0.09998071863986618,percent
6,3,12,0.0999810166516147,percent
6,4,1,0.1111111111111111,percent
6,4,3,0.1111111111111111,percent
6,4,4,0.1111111111111111,percent
6,4,5,0.1111111111111111,percent
6,4,6,0.1111111111111111,percent
6,4,7,0.1111111111111111,percent
6,4,8,0.1111111111111111,percent
6,4,11,0.1111111111111111,percent
6,4,12,0.1111111111111111,percent
6,5,1,0.125,percent
6,5,3,0.125,percent
6,5,4,0.125,percent
6,5,5,0.125,percent
6,5,6,0.125,percent
6,5,7,0.125,percent
6,5,8,0.125,percent
6,5,12,0.125,percent
6,6,1,0.14285714285714285,percent
6,6,4,0.14285714285714285,percent
6,6,5,0.14285714285714285,percent
6,6,6,0.14285714285714285,percent
6,6,7,0.14285714285714285,percent
6,6,8,0.14285714285714285,percent
6,6,12,0.14285714285714285,percent
6,7,1,0.1748882013404575,percent
6,7,5,0.1587069715669947,percent
6,7,6,0.16660131857578947,percent
6,7,7,0.16660116950558637,percent
6,7,8,0.1666011695055862,percent
6,7,12,0.1666011695055858,percent
6,8,1,0.19996844783888934,percent
6,8,6,0.20566528341397416,percent
6,8,7,0.19996844783888948,percent
6,8,8,0.19996849255045268,percent
6,8,12,0.1944293283577944,percent
6,9,1,0.25,percent
6,9,6,0.25,percent
6,9,7,0.25,percent
6,9,8,0.25,percent
6,10,1,0.3333333333333333,percent
6,10,7,0.3333333333333333,percent
6,10,8,0.3333333333333333,percent
7,1,1,0.07213851349957903,percent
7,1,2,0.08205914842021396,percent
7,1,3,0.076891132480863,percent
7,1,4,0.0768911324808647,percent
7,1,5,0.07689113248086252,percent
7,1,6,0.07689113248086203,percent
7,1,7,0.07689113248086095,percent
7,1,8,0.07689113248086515,percent
7,1,9,0.07689083449165537,percent
7,1,10,0.07689083449165476,percent
7,1,11,0.0768908344916558,percent
7,1,12,0.07689166885463572,percent
7,1,13,0.07689137086542681,percent
7,2,2,0.10209108409077072,percent
7,2,3,0.09067502266492285,percent
7,2,4,0.09067502266492306,percent
7,2,5,0.0749417628238024,percent
7,2,6,0.09067502266492085,percent
7,2,7,0.09067502266492017,percent
7,2,9,0.09067502266491956,percent
7,2,10,0.09067502266491981,percent
7,2,11,0.09067526098107845,percent
7,2,12,0.09756619721294267,percent
7,2,13,0.09067555890187953,percent
7,3,2,0.1111111111111111,percent
7,3,3,0.1111111111111111,percent
7,3,4,0.1111111111111111,percent
7,3,6,0.1111111111111111,percent
7,3,7,0.1111111111111111,percent
7,3,9,0.1111111111111111,percent
7,3,10,0.1111111111111111,percent
7,3,12,0.1111111111111111,percent
7,3,13,0.1111111111111111,percent
7,4,2,0.1111111111111111,percent
7,4,3,0.1111111111111111,percent
7,4,4,0.1111111111111111,percent
7,4,6,0.1111111111111111,percent
7,4,7,0.1111111111111111,percent
7,4,9,0.1111111111111111,percent
7,4,10,0.1111111111111111,percent
7,4,12,0.1111111111111111,percent
7,4,13,0.1111111111111111,percent
7,5,2,0.1267239728897976,percent
7,5,3,0.1249912572917622,percent
7,5,4,0.12499125729176253,percent
7,5,6,0.12499125729176291,percent
7,5,7,0.12499125729176175,percent
7,5,9,0.12159576776159246,percent
7,5,10,0.1267239728897976,percent
7,5,13,0.12499125729176294,percent
7,6,2,0.14285714285714285,percent
7,6,3,0.14285714285714285,percent
7,6,4,0.14285714285714285,percent
7,6,6,0.14285714285714285,percent
7,6,7,0.14285714285714285,percent
7,6,10,0.14285714285714285,percent
7,6,13,0.14285714285714285,percent
7,7,3,0.15543625664841582,percent
7,7,4,0.16904169882528655,percent
7,7,6,0.16655930839008137,percent
7,7,7,0.17584441991372193,percent
7,7,10,0.1665591581112474,percent
7,7,13,0.16655915811124697,percent
7,8,4,0.2,percent
7,8,6,0.2,percent
7,8,7,0.2,percent
7,8,10,0.2,percent
7,8,13,0.2,percent
7,9,4,0.25,percent
7,9,7,0.25,percent
7,9,10,0.25,percent
7,9,13,0.25,percent
7,10,7,0.3333333333333333,percent
7,10,10,0.3333333333333333,percent
7,10,13,0.3333333333333333,percent
8,1,1,0.07692307692307693,percent
8,1,2,0.07692307692307693,percent
8,1,3,0.07692307692307693,percent
8,1,4,0.07692307692307693,percent
8,1,5,0.07692307692307693,percent
8,1,6,0.07692307692307693,percent
8,1,7,0.07692307692307693,percent
8,1,8,0.07692307692307693,percent
8,1,9,0.07692307692307693,percent
8,1,10,0.07692307692307693,percent
8,1,11,0.07692307692307693,percent
8,1,12,0.07692307692307693,percent
8,1,13,0.07692307692307693,percent
8,2,1,0.07687141102560634,percent
8,2,2,0.07687141102560675,percent
8,2,3,0.07687141102560464,percent
8,2,4,0.07687141102560616,percent
8,2,5,0.0768714110256073,percent
8,2,6,0.07687141102560621,percent
8,2,7,0.0768714110256063,percent
8,2,8,0.06966027553628058,percent
8,2,9,0.07687141102560785,percent
8,2,10,0.07687141102560596,percent
8,2,11,0.08475461515892209,percent
8,2,12,0.07687116090689736,percent
8,2,13,0.07687124916744252,percent
8,3,1,0.0832001628846009,percent
8,3,2,0.07218819132625669,percent
8,3,3,0.08320016288459771,percent
8,3,4,0.08320010414203342,percent
8,3,5,0.08320016288459611,percent
8,3,6,0.08320016288459449,percent
8,3,7,0.09581023857035119,percent
8,3,9,0.0832001628845937,percent
8,3,10,0.08320016288459557,percent
8,3,11,0.08320016288459167,percent
8,3,12,0.08320016288459475,percent
8,3,13,0.08320016288459373,percent
8,4,1,0.09090420338786233,percent
8,4,3,0.09090420338785753,percent
8,4,4,0.0909042033878579,percent
8,4,5,0.09090420338785607,percent
8,4,6,0.09090420338785692,percent
8,4,7,0.09090420338785642,percent
8,4,9,0.09090420338785592,percent
8,4,10,0.09090420338785497,percent
8,4,11,0.09299678323004394,percent
8,4,12,0.08886455182508528,percent
8,4,13,0.09090503784201276,percent
8,5,1,0.11102049850659397,percent
8,5,3,0.10176852679633511,percent
8,5,4,0.11129233632014462,percent
8,5,5,0.11102049850659299,percent
8,5,6,0.11102049850659547,percent
8,5,9,0.11102049850659462,percent
8,5,10,0.11102049850659525,percent
8,5,11,0.12081614584395417,percent
8,5,13,0.11102049850659376,percent
8,6,1,0.125,percent
8,6,4,0.125,percent
8,6,5,0.125,percent
8,6,6,0.125,percent
8,6,9,0.125,percent
8,6,10,0.125,percent
8,6,11,0.125,percent
8,6,13,0.125,percent
8,7,1,0.14285714285714285,percent
8,7,4,0.14285714285714285,percent
8,7,5,0.14285714285714285,percent
8,7,6,0.14285714285714285,percent
8,7,9,0.14285714285714285,percent
8,7,10,0.14285714285714285,percent
8,7,13,0.14285714285714285,percent
8,8,1,0.16660255617629358,percent
8,8,5,0.16660255617629285,percent
8,8,6,0.166602556176293,percent
8,8,9,0.15878214166913834,percent
8,8,10,0.16660240710720284,percent
8,8,13,0.17480778269477937,percent
8,9,1,0.19987377433713613,percent
8,9,5,0.21142523391362036,percent
8,9,6,0.19987377433713666,percent
8,9,10,0.18895332380126087,percent
8,9,13,0.19987389361084604,percent
8,10,1,0.25,percent
8,10,5,0.25,percent
8,10,6,0.25,percent
8,10,13,0.25,percent
8,11,1,0.3333333333333333,percent
8,11,6,0.3333333333333333,percent
8,11,13,0.3333333333333333,percent
9,1,1,0.0625,percent
9,1,2,0.0625,percent
9,1,3,0.0625,percent
9,1,4,0.0625,percent
9,1,5,0.0625,percent
9,1,6,0.0625,percent
9,1,7,0.0625,percent
9,1,8,0.0625,percent
9,1,9,0.0625,percent
9,1,10,0.0625,percent
9,1,11,0.0625,percent
9,1,12,0.0625,percent
9,1,13,0.0625,percent
9,1,14,0.0625,percent
9,1,15,0.0625,percent
9,1,16,0.0625,percent
9,2,2,0.07142857142857142,percent
9,2,3,0.07142857142857142,percent
9,2,4,0.07142857142857142,percent
9,2,5,0.07142857142857142,percent
9,2,6,0.07142857142857142,percent
9,2,7,0.07142857142857142,percent
9,2,8,0.07142857142857142,percent
9,2,9,0.07142857142857142,percent
9,2,10,0.07142857142857142,percent
9,2,11,0.07142857142857142,percent
9,2,13,0.07142857142857142,percent
9,2,14,0.07142857142857142,percent
9,2,15,0.07142857142857142,percent
9,2,16,0.07142857142857142,percent
9,3,2,0.07127803178477336,percent
9,3,3,0.07689241121650955,percent
9,3,4,0.07689241121650783,percent
9,3,5,0.07689232248772457,percent
9,3,6,0.07689241121650756,percent
9,3,7,0.07689241121650779,percent
9,3,8,0.08290593876151754,percent
9,3,9,0.07689241121651015,percent
9,3,11,0.07689241419131168,percent
9,3,13,0.0768924112165087,percent
9,3,14,0.07689241121650972,percent
9,3,15,0.07689216276516407,percent
9,3,16,0.07689225149394734,percent
9,4,3,0.09090284873399064,percent
9,4,4,0.09090255071346591,percent
9,4,5,0.08817087603720922,percent
9,4,6,0.09090255071346388,percent
9,4,7,0.09230310744216791,percent
9,4,8,0.09230310744216791,percent
9,4,9,0.0909025507134627,percent
9,4,13,0.09090255071346359,percent
9,4,14,0.09090308714985637,percent
9,4,15,0.09090338517037637,percent
9,4,16,0.09090338517037551,percent
9,5,3,0.0999956786997771,percent
9,5,4,0.09999567869977473,percent
9,5,6,0.0979508714777175,percent
9,5,7,0.09999567869977369,percent
9,5,8,0.10208310288267618,percent
9,5,9,0.09999567869977266,percent
9,5,13,0.09999567869977413,percent
9,5,14,0.09999567869977413,percent
9,5,15,0.09999597672048027,percent
9,5,16,0.09999597672047975,percent
9,6,3,0.10858663717358519,percent
9,6,4,0.11109129235993846,percent
9,6,7,0.10858625255686921,percent
9,6,8,0.11627935610991996,percent
9,6,9,0.11109129235993837,percent
9,6,13,0.11109129235993667,percent
9,6,14,0.11109129235993712,percent
9,6,15,0.11109129235993827,percent
9,6,16,0.11109129235993667,percent
9,7,4,0.14285714285714285,percent
9,7,8,0.14285714285714285,percent
9,7,9,0.14285714285714285,percent
9,7,13,0.14285714285714285,percent
9,7,14,0.14285714285714285,percent
9,7,15,0.14285714285714285,percent
9,7,16,0.14285714285714285,percent
9,8,9,0.2,percent
9,8,13,0.2,percent
9,8,14,0.2,percent
9,8,15,0.2,percent
9,8,16,0.2,percent
9,9,9,0.25,percent
9,9,14,0.25,percent
9,9,15,0.25,percent
9,9,16,0.25,percent
9,10,14,0.3333333333333333,percent
9,10,15,0.3333333333333333,percent
9,10,16,0.3333333333333333,percent
10,1,1,0.09090909090909091,percent
10,1,2,0.09090909090909091,percent
10,1,3,0.09090909090909091,percent
10,1,4,0.09090909090909091,percent
10,1,5,0.09090909090909091,percent
10,1,6,0.09090909090909091,percent
10,1,7,0.09090909090909091,percent
10,1,8,0.09090909090909091,percent
10,1,9,0.09090909090909091,percent
10,1,10,0.09090909090909091,percent
10,1,11,0.09090909090909091,percent
10,2,1,0.09056209538491593,percent
10,2,2,0.07213748141663759,percent
10,2,3,0.09056209538491142,percent
10,2,4,0.10850111778027395,percent
10,2,5,0.09056209538491043,percent
10,2,6,0.09056209538490957,percent
10,2,7,0.09056209538490867,percent
10,2,8,0.09056209538491009,percent
10,2,9,0.09056203866445271,percent
10,2,10,0.09486475414391031,percent
10,2,11,0.09056203568525938,percent
10,3,1,0.1,percent
10,3,3,0.1,percent
10,3,4,0.1,percent
10,3,5,0.1,percent
10,3,6,0.1,percent
10,3,7,0.1,percent
10,3,8,0.1,percent
10,3,9,0.1,percent
10,3,10,0.1,percent
10,3,11,0.1,percent
10,4,1,0.1111111111111111,percent
10,4,3,0.1111111111111111,percent
10,4,5,0.1111111111111111,percent
10,4,6,0.1111111111111111,percent
10,4,7,0.1111111111111111,percent
10,4,8,0.1111111111111111,percent
10,4,9,0.1111111111111111,percent
10,4,10,0.1111111111111111,percent
10,4,11,0.1111111111111111,percent
10,5,3,0.125,percent
10,5,5,0.125,percent
10,5,6,0.125,percent
10,5,7,0.125,percent
10,5,8,0.125,percent
10,5,9,0.125,percent
10,5,10,0.125,percent
10,5,11,0.125,percent
10,6,3,0.14285714285714285,percent
10,6,5,0.14285714285714285,percent
10,6,6,0.14285714285714285,percent
10,6,7,0.14285714285714285,percent
10,6,8,0.14285714285714285,percent
10,6,9,0.14285714285714285,percent
10,6,11,0.14285714285714285,percent
10,7,3,0.16666666666666666,percent
10,7,5,0.16666666666666666,percent
10,7,6,0.16666666666666666,percent
10,7,7,0.16666666666666666,percent
10,7,8,0.16666666666666666,percent
10,7,9,0.16666666666666666,percent
10,8,3,0.2,percent
10,8,5,0.2,percent
10,8,6,0.2,percent
10,8,8,0.2,percent
10,8,9,0.2,percent
10,9,5,0.25,percent
10,9,6,0.25,percent
10,9,8,0.25,percent
10,9,9,0.25,percent
10,10,6,0.3333333333333333,percent
10,10,8,0.3333333333333333,percent
10,10,9,0.3333333333333333,percent
11,1,1,0.08333333333333333,percent
11,1,2,0.08333333333333333,percent
11,1,3,0.08333333333333333,percent
11,1,4,0.08333333333333333,percent
11,1,5,0.08333333333333333,percent
11,1,6,0.08333333333333333,percent
11,1,7,0.08333333333333333,percent
11,1,8,0.08333333333333333,percent
11,1,9,0.08333333333333333,percent
11,1,10,0.08333333333333333,percent
11,1,11,0.08333333333333333,percent
11,1,12,0.08333333333333333,percent
11,2,2,0.09090909090909091,percent
11,2,3,0.09090909090909091,percent
11,2,4,0.09090909090909091,percent
11,2,5,0.09090909090909091,percent
11,2,6,0.09090909090909091,percent
11,2,7,0.09090909090909091,percent
11,2,8,0.09090909090909091,percent
11,2,9,0.09090909090909091,percent
11,2,10,0.09090909090909091,percent
11,2,11,0.09090909090909091,percent
11,2,12,0.09090909090909091,percent
11,3,2,0.1,percent
11,3,3,0.1,percent
11,3,4,0.1,percent
11,3,5,0.1,percent
11,3,6,0.1,percent
11,3,7,0.1,percent
11,3,9,0.1,percent
11,3,10,0.1,percent
11,3,11,0.1,percent
11,3,12,0.1,percent
11,4,2,0.1111111111111111,percent
11,4,3,0.1111111111111111,percent
11,4,4,0.1111111111111111,percent
11,4,5,0.1111111111111111,percent
11,4,6,0.1111111111111111,percent
11,4,9,0.1111111111111111,percent
11,4,10,0.1111111111111111,percent
11,4,11,0.1111111111111111,percent
11,4,12,0.1111111111111111,percent
11,5,2,0.1169619484387488,percent
11,5,3,0.12493209777316443,percent
11,5,4,0.12493209777316484,percent
11,5,5,0.12493209777316487,percent
11,5,6,0.12493209777316411,percent
11,5,9,0.12493209777316379,percent
11,5,11,0.12493209777316386,percent
11,5,12,0.13344546492226528,percent
11,6,3,0.1422767451737895,percent
11,6,4,0.14227674517379008,percent
11,6,5,0.14227674517378994,percent
11,6,6,0.16846256657325667,percent
11,6,9,0.1422767451737909,percent
11,6,11,0.12015370755779137,percent
11,6,12,0.14227674517379155,percent
11,7,3,0.16666666666666666,percent
11,7,4,0.16666666666666666,percent
11,7,5,0.16666666666666666,percent
11,7,6,0.16666666666666666,percent
11,7,9,0.16666666666666666,percent
11,7,12,0.16666666666666666,percent
11,8,3,0.19999640580184094,percent
11,8,4,0.1999963312952481,percent
11,8,6,0.19811857649227346,percent
11,8,9,0.19999652501270374,percent
11,8,12,0.20189216139793387,percent
11,9,3,0.24992304505075585,percent
11,9,4,0.24992304505075585,percent
11,9,9,0.24130502512468274,percent
11,9,12,0.2588488847738055,percent
11,10,3,0.3333333333333333,percent
11,10,4,0.3333333333333333,percent
11,10,12,0.3333333333333333,percent
12,1,1,0.09090909090909091,percent
12,1,2,0.09090909090909091,percent
12,1,3,0.09090909090909091,percent
12,1,4,0.09090909090909091,percent
12,1,5,0.09090909090909091,percent
12,1,6,0.09090909090909091,percent
12,1,7,0.09090909090909091,percent
12,1,8,0.09090909090909091,percent
12,1,9,0.09090909090909091,percent
12,1,10,0.09090909090909091,percent
12,1,11,0.09090909090909091,percent
12,2,1,0.09090909090909091,percent
12,2,2,0.09090909090909091,percent
12,2,3,0.09090909090909091,percent
12,2,4,0.09090909090909091,percent
12,2,5,0.09090909090909091,percent
12,2,6,0.09090909090909091,percent
12,2,7,0.09090909090909091,percent
12,2,8,0.09090909090909091,percent
12,2,9,0.09090909090909091,percent
12,2,10,0.09090909090909091,percent
12,2,11,0.09090909090909091,percent
12,3,1,0.1,percent
12,3,2,0.1,percent
12,3,3,0.1,percent
12,3,4,0.1,percent
12,3,5,0.1,percent
12,3,6,0.1,percent
12,3,7,0.1,percent
12,3,9,0.1,percent
12,3,10,0.1,percent
12,3,11,0.1,percent
12,4,1,0.1110581193243067,percent
12,4,2,0.11105811932430541,percent
12,4,3,0.11105811932430479,percent
12,4,4,0.1110581193243033,percent
12,4,5,0.10401502896687516,percent
12,4,6,0.1110581193243036,percent
12,4,7,0.11105811932430466,percent
12,4,9,0.11105811932430473,percent
12,4,11,0.11857813576299167,percent
12,5,1,0.125,percent
12,5,2,0.125,percent
12,5,3,0.125,percent
12,5,4,0.125,percent
12,5,6,0.125,percent
12,5,7,0.125,percent
12,5,9,0.125,percent
12,5,11,0.125,percent
12,6,1,0.14285714285714285,percent
12,6,2,0.14285714285714285,percent
12,6,3,0.14285714285714285,percent
12,6,4,0.14285714285714285,percent
12,6,6,0.14285714285714285,percent
12,6,9,0.14285714285714285,percent
12,6,11,0.14285714285714285,percent
12,7,1,0.16666439768413707,percent
12,7,2,0.16666439768413674,percent
12,7,3,0.16755315872382007,percent
12,7,4,0.16666424835416524,percent
12,7,9,0.16755315872382007,percent
12,7,11,0.16490063882992084,percent
12,8,1,0.21173807607350928,percent
12,8,2,0.1998668838842263,percent
12,8,3,0.19986688388422608,percent
12,8,4,0.19986700316145217,percent
12,8,9,0.18866115299658623,percent
12,9,1,0.25,percent
12,9,2,0.25,percent
12,9,3,0.25,percent
12,9,4,0.25,percent
12,10,2,0.3333333333333333,percent
12,10,3,0.3333333333333333,percent
12,10,4,0.3333333333333333,percent
13,1,1,0.08333333333333333,percent
13,1,2,0.08333333333333333,percent
13,1,3,0.08333333333333333,percent
13,1,4,0.08333333333333333,percent
13,1,5,0.08333333333333333,percent
13,1,6,0.08333333333333333,percent
13,1,7,0.08333333333333333,percent
13,1,8,0.08333333333333333,percent
13,1,9,0.08333333333333333,percent
13,1,10,0.08333333333333333,percent
13,1,11,0.08333333333333333,percent
13,1,12,0.08333333333333333,percent
13,2,1,0.09090909090909091,percent
13,2,2,0.09090909090909091,percent
13,2,3,0.09090909090909091,percent
13,2,4,0.09090909090909091,percent
13,2,6,0.09090909090909091,percent
13,2,7,0.09090909090909091,percent
13,2,8,0.09090909090909091,percent
13,2,9,0.09090909090909091,percent
13,2,10,0.09090909090909091,percent
13,2,11,0.09090909090909091,percent
13,2,12,0.09090909090909091,percent
13,3,2,0.09983975306582685,percent
13,3,3,0.09983975306582801,percent
13,3,4,0.09983975306582855,percent
13,3,6,0.09983975306582674,percent
13,3,7,0.09983975306582767,percent
13,3,8,0.08771558234245914,percent
13,3,9,0.09983975306582968,percent
13,3,10,0.11303203803866166,percent
13,3,11,0.1003738101905604,percent
13,3,12,0.09984005103335139,percent
13,4,2,0.11110544828855397,percent
13,4,3,0.11110544828855341,percent
13,4,4,0.1111054482885534,percent
13,4,6,0.11110544828855248,percent
13,4,7,0.10873872061193855,percent
13,4,9,0.11352340960715386,percent
13,4,10,0.11110544828855283,percent
13,4,11,0.11110544828855233,percent
13,4,12,0.11110518004958911,percent
13,5,2,0.125,percent
13,5,3,0.125,percent
13,5,4,0.125,percent
13,5,6,0.125,percent
13,5,9,0.125,percent
13,5,10,0.125,percent
13,5,11,0.125,percent
13,5,12,0.125,percent
13,6,2,0.14285714285714285,percent
13,6,3,0.14285714285714285,percent
13,6,4,0.14285714285714285,percent
13,6,6,0.14285714285714285,percent
13,6,10,0.14285714285714285,percent
13,6,11,0.14285714285714285,percent
13,6,12,0.14285714285714285,percent
13,7,2,0.16159961211947163,percent
13,7,3,0.16664054149537916,percent
13,7,4,0.16664054149537905,percent
13,7,6,0.1666403924602351,percent
13,7,11,0.171838519969301,percent
13,7,12,0.16664039246023407,percent
13,8,3,0.2,percent
13,8,4,0.2,percent
13,8,6,0.2,percent
13,8,11,0.2,percent
13,8,12,0.2,percent
13,9,3,0.25,percent
13,9,4,0.25,percent
13,9,6,0.25,percent
13,9,12,0.25,percent
13,10,3,0.3333333333333333,percent
13,10,4,0.3333333333333333,percent
13,10,12,0.3333333333333333,percent
14,1,1,0.08333333333333333,percent
14,1,2,0.08333333333333333,percent
14,1,3,0.08333333333333333,percent
14,1,4,0.08333333333333333,percent
14,1,5,0.08333333333333333,percent
14,1,6,0.08333333333333333,percent
14,1,7,0.08333333333333333,percent
14,1,8,0.08333333333333333,percent
14,1,9,0.08333333333333333,percent
14,1,10,0.08333333333333333,percent
14,1,11,0.08333333333333333,percent
14,1,12,0.08333333333333333,percent
14,2,1,0.08333333333333333,percent
14,2,2,0.08333333333333333,percent
14,2,3,0.08333333333333333,percent
14,2,4,0.08333333333333333,percent
14,2,5,0.08333333333333333,percent
14,2,6,0.08333333333333333,percent
14,2,7,0.08333333333333333,percent
14,2,8,0.08333333333333333,percent
14,2,9,0.08333333333333333,percent
14,2,10,0.08333333333333333,percent
14,2,11,0.08333333333333333,percent
14,2,12,0.08333333333333333,percent
14,3,1,0.09090909090909091,percent
14,3,2,0.09090909090909091,percent
14,3,3,0.09090909090909091,percent
14,3,4,0.09090909090909091,percent
14,3,5,0.09090909090909091,percent
14,3,6,0.09090909090909091,percent
14,3,8,0.09090909090909091,percent
14,3,9,0.09090909090909091,percent
14,3,10,0.09090909090909091,percent
14,3,11,0.09090909090909091,percent
14,3,12,0.09090909090909091,percent
14,4,1,0.09999535088065932,percent
14,4,3,0.09787252472034957,percent
14,4,4,0.09999535088065936,percent
14,4,5,0.0999953508806579,percent
14,4,6,0.09999535088065893,percent
14,4,8,0.09999535088065624,percent
14,4,9,0.09999535088065818,percent
14,4,10,0.1021643702139118,percent
14,4,11,0.09999535088065871,percent
14,4,12,0.09999564890113014,percent
14,5,1,0.1111111111111111,percent
14,5,4,0.1111111111111111,percent
14,5,5,0.1111111111111111,percent
14,5,6,0.1111111111111111,percent
14,5,8,0.1111111111111111,percent
14,5,9,0.1111111111111111,percent
14,5,10,0.1111111111111111,percent
14,5,11,0.1111111111111111,percent
14,5,12,0.1111111111111111,percent
14,6,1,0.125,percent
14,6,4,0.125,percent
14,6,5,0.125,percent
14,6,6,0.125,percent
14,6,8,0.125,percent
14,6,10,0.125,percent
14,6,11,0.125,percent
14,6,12,0.125,percent
14,7,1,0.14282742383600666,percent
14,7,4,0.1374818491293289,percent
14,7,5,0.1428274238360065,percent
14,7,6,0.14838103169063682,percent
14,7,8,0.14282742383600733,percent
14,7,11,0.14282742383600636,percent
14,7,12,0.14282742383600738,percent
14,8,1,0.16664569851655686,percent
14,8,5,0.16212159603411214,percent
14,8,6,0.16664569851655656,percent
14,8,8,0.16664554948602886,percent
14,8,11,0.166645549486028,percent
14,8,12,0.17129590796071764,percent
14,9,1,0.24995596758934524,percent
14,9,8,0.2514639528325371,percent
14,9,11,0.2558117789194936,percent
14,9,12,0.24276830065862404,percent
14,10,1,0.3333333333333333,percent
14,10,8,0.3333333333333333,percent
14,10,11,0.3333333333333333,percent
15,1,1,0.07692307692307693,percent
15,1,2,0.07692307692307693,percent
15,1,3,0.07692307692307693,percent
15,1,4,0.07692307692307693,percent
15,1,5,0.07692307692307693,percent
15,1,6,0.07692307692307693,percent
15,1,7,0.07692307692307693,percent
15,1,8,0.07692307692307693,percent
15,1,9,0.07692307692307693,percent
15,1,10,0.07692307692307693,percent
15,1,11,0.07692307692307693,percent
15,1,12,0.07692307692307693,percent
15,1,13,0.07692307692307693,percent
15,2,1,0.08326969230599619,percent
15,2,2,0.08326969230599668,percent
15,2,3,0.08326969230599758,percent
15,2,4,0.08326969230599773,percent
15,2,5,0.08326969230599739,percent
15,2,6,0.08326969230599544,percent
15,2,7,0.08326969230599594,percent
15,2,9,0.08326969230599715,percent
15,2,10,0.07549930535251068,percent
15,2,11,0.08326975151045818,percent
15,2,12,0.09180365317859764,percent
15,2,13,0.08326975151045936,percent
15,3,1,0.09090087105522836,percent
15,3,2,0.0909008710552256,percent
15,3,3,0.0909008710552261,percent
15,3,4,0.09090087105522393,percent
15,3,5,0.090900871055224,percent
15,3,6,0.09090087105522494,percent
15,3,7,0.09090087105522322,percent
15,3,9,0.09090087105522374,percent
15,3,11,0.08824782130149973,percent
15,3,12,0.09364350475473714,percent
15,3,13,0.09090170550196328,percent
15,4,1,0.11110145406002121,percent
15,4,2,0.1111014540600208,percent
15,4,3,0.1142553306966135,percent
15,4,4,0.1111014540600204,percent
15,4,5,0.11110145406002207,percent
15,4,6,0.11110145406002044,percent
15,4,7,0.11110145406002073,percent
15,4,12,0.1080344908832387,percent
15,4,13,0.11110145406002209,percent
15,5,1,0.125,percent
15,5,2,0.125,percent
15,5,3,0.125,percent
15,5,4,0.125,percent
15,5,5,0.125,percent
15,5,6,0.125,percent
15,5,7,0.125,percent
15,5,13,0.125,percent
15,6,1,0.12592722598220368,percent
15,6,2,0.1148652790795488,percent
15,6,3,0.12592722598220368,percent
15,6,4,0.12813961536273463,percent
15,6,5,0.12492954961668065,percent
15,6,6,0.13035200474326564,percent
15,6,7,0.12492954961668161,percent
15,6,13,0.12492954961668125,percent
15,7,1,0.14285714285714285,percent
15,7,3,0.14285714285714285,percent
15,7,4,0.14285714285714285,percent
15,7,5,0.14285714285714285,percent
15,7,6,0.14285714285714285,percent
15,7,7,0.14285714285714285,percent
15,7,13,0.14285714285714285,percent
15,8,1,0.14285714285714285,percent
15,8,3,0.14285714285714285,percent
15,8,4,0.14285714285714285,percent
15,8,5,0.14285714285714285,percent
15,8,6,0.14285714285714285,percent
15,8,7,0.14285714285714285,percent
15,8,13,0.14285714285714285,percent
15,9,4,0.2053615402739941,percent
15,9,5,0.19472321976692916,percent
15,9,6,0.199971667170556,percent
15,9,7,0.1999717863942603,percent
15,9,13,0.1999717863942605,percent
15,10,4,0.3333333333333333,percent
15,10,7,0.3333333333333333,percent
15,10,13,0.3333333333333333,percent
16,1,1,0.08333333333333333,percent
16,1,2,0.08333333333333333,percent
16,1,3,0.08333333333333333,percent
16,1,4,0.08333333333333333,percent
16,1,5,0.08333333333333333,percent
16,1,6,0.08333333333333333,percent
16,1,7,0.08333333333333333,percent
16,1,8,0.08333333333333333,percent
16,1,9,0.08333333333333333,percent
16,1,10,0.08333333333333333,percent
16,1,11,0.08333333333333333,percent
16,1,12,0.08333333333333333,percent
16,2,1,0.08333333333333333,percent
16,2,2,0.08333333333333333,percent
16,2,3,0.08333333333333333,percent
16,2,4,0.08333333333333333,percent
16,2,5,0.08333333333333333,percent
16,2,6,0.08333333333333333,percent
16,2,7,0.08333333333333333,percent
16,2,8,0.08333333333333333,percent
16,2,9,0.08333333333333333,percent
16,2,10,0.08333333333333333,percent
16,2,11,0.08333333333333333,percent
16,2,12,0.08333333333333333,percent
16,3,1,0.09090909090909091,percent
16,3,2,0.09090909090909091,percent
16,3,4,0.09090909090909091,percent
16,3,5,0.09090909090909091,percent
16,3,6,0.09090909090909091,percent
16,3,7,0.09090909090909091,percent
16,3,8,0.09090909090909091,percent
16,3,9,0.09090909090909091,percent
16,3,10,0.09090909090909091,percent
16,3,11,0.09090909090909091,percent
16,3,12,0.09090909090909091,percent
16,4,1,0.1,percent
16,4,2,0.1,percent
16,4,4,0.1,percent
16,4,5,0.1,percent
16,4,6,0.1,percent
16,4,7,0.1,percent
16,4,8,0.1,percent
16,4,10,0.1,percent
16,4,11,0.1,percent
16,4,12,0.1,percent
16,5,1,0.1111111111111111,percent
16,5,2,0.1111111111111111,percent
16,5,4,0.1111111111111111,percent
16,5,5,0.1111111111111111,percent
16,5,6,0.1111111111111111,percent
16,5,7,0.1111111111111111,percent
16,5,8,0.1111111111111111,percent
16,5,10,0.1111111111111111,percent
16,5,12,0.1111111111111111,percent
16,6,1,0.125,percent
16,6,2,0.125,percent
16,6,4,0.125,percent
16,6,5,0.125,percent
16,6,6,0.125,percent
16,6,8,0.125,percent
16,6,10,0.125,percent
16,6,12,0.125,percent
16,7,1,0.14285714285714285,percent
16,7,2,0.14285714285714285,percent
16,7,5,0.14285714285714285,percent
16,7,6,0.14285714285714285,percent
16,7,8,0.14285714285714285,percent
16,7,10,0.14285714285714285,percent
16,7,12,0.14285714285714285,percent
16,8,1,0.16666666666666666,percent
16,8,2,0.16666666666666666,percent
16,8,5,0.16666666666666666,percent
16,8,6,0.16666666666666666,percent
16,8,10,0.16666666666666666,percent
16,8,12,0.16666666666666666,percent
16,9,1,0.2,percent
16,9,2,0.2,percent
16,9,5,0.2,percent
16,9,6,0.2,percent
16,9,10,0.2,percent
16,10,2,0.25,percent
16,10,5,0.25,percent
16,10,6,0.25,percent
16,10,10,0.25,percent
17,1,1,0.08333333333333333,percent
17,1,2,0.08333333333333333,percent
17,1,3,0.08333333333333333,percent
17,1,4,0.08333333333333333,percent
17,1,5,0.08333333333333333,percent
17,1,6,0.08333333333333333,percent
17,1,7,0.08333333333333333,percent
17,1,8,0.08333333333333333,percent
17,1,9,0.08333333333333333,percent
17,1,10,0.08333333333333333,percent
17,1,11,0.08333333333333333,percent
17,1,12,0.08333333333333333,percent
17,2,1,0.0833290120521265,percent
17,2,2,0.08332901205212674,percent
17,2,3,0.08332901205212868,percent
17,2,4,0.0833293100715204,percent
17,2,5,0.0833290120521268,percent
17,2,6,0.08332901205212628,percent
17,2,7,0.08147494247185133,percent
17,2,8,0.08332931007152147,percent
17,2,9,0.08332901205212818,percent
17,2,10,0.0833290120521259,percent
17,2,11,0.08332901205212578,percent
17,2,12,0.08523434096809193,percent
17,3,1,0.09090909090909091,percent
17,3,2,0.09090909090909091,percent
17,3,3,0.09090909090909091,percent
17,3,4,0.09090909090909091,percent
17,3,5,0.09090909090909091,percent
17,3,6,0.09090909090909091,percent
17,3,8,0.09090909090909091,percent
17,3,9,0.09090909090909091,percent
17,3,10,0.09090909090909091,percent
17,3,11,0.09090909090909091,percent
17,3,12,0.09090909090909091,percent
17,4,1,0.1,percent
17,4,2,0.1,percent
17,4,3,0.1,percent
17,4,4,0.1,percent
17,4,5,0.1,percent
17,4,6,0.1,percent
17,4,8,0.1,percent
17,4,9,0.1,percent
17,4,10,0.1,percent
17,4,11,0.1,percent
17,5,2,0.11094408716702063,percent
17,5,3,0.11094408716701912,percent
17,5,4,0.12279267672979242,percent
17,5,5,0.1109440871670171,percent
17,5,6,0.1109440871670182,percent
17,5,8,0.11428203843192009,percent
17,5,9,0.09726076183617538,percent
17,5,10,0.1109440871670187,percent
17,5,11,0.11094408716701831,percent
17,6,2,0.125,percent
17,6,3,0.125,percent
17,6,4,0.125,percent
17,6,5,0.125,percent
17,6,6,0.125,percent
17,6,8,0.125,percent
17,6,10,0.125,percent
17,6,11,0.125,percent
17,7,2,0.125,percent
17,7,3,0.125,percent
17,7,4,0.125,percent
17,7,5,0.125,percent
17,7,6,0.125,percent
17,7,8,0.125,percent
17,7,10,0.125,percent
17,7,11,0.125,percent
17,8,2,0.13426057714203904,percent
17,8,3,0.1446772438087057,percent
17,8,4,0.1427941504768034,percent
17,8,5,0.14279415047680405,percent
17,8,6,0.14279415047680447,percent
17,8,8,0.14988557714203904,percent
17,8,11,0.14279415047680433,percent
17,9,3,0.14542889310984913,percent
17,9,4,0.16617449465513667,percent
17,9,5,0.1661745842849145,percent
17,9,6,0.16617434519790353,percent
17,9,8,0.1898733375542936,percent
17,9,11,0.16617434519790256,percent
17,10,4,0.19293365575183613,percent
17,10,5,0.19994895165846394,percent
17,10,6,0.19994895165846396,percent
17,10,8,0.20721937003755042,percent
17,10,11,0.19994907089368563,percent
17,11,5,0.25,percent
17,11,6,0.25,percent
17,11,8,0.25,percent
17,11,11,0.25,percent
18,1,1,0.08925517146058062,percent
18,1,2,0.08329397407701877,percent
18,1,3,0.08329397407701979,percent
18,1,4,0.0832939740770176,percent
18,1,5,0.083293974077018,percent
18,1,6,0.07780478978119132,percent
18,1,7,0.08329397407701596,percent
18,1,8,0.08329397407701582,percent
18,1,9,0.08329397407701802,percent
18,1,10,0.08329397407701344,percent
18,1,11,0.08329397407701493,percent
18,1,12,0.08329427206507563,percent
18,2,1,0.09090909090909091,percent
18,2,2,0.09090909090909091,percent
18,2,3,0.09090909090909091,percent
18,2,4,0.09090909090909091,percent
18,2,5,0.09090909090909091,percent
18,2,7,0.09090909090909091,percent
18,2,8,0.09090909090909091,percent
18,2,9,0.09090909090909091,percent
18,2,10,0.09090909090909091,percent
18,2,11,0.09090909090909091,percent
18,2,12,0.09090909090909091,percent
18,3,2,0.1111111111111111,percent
18,3,3,0.1111111111111111,percent
18,3,4,0.1111111111111111,percent
18,3,7,0.1111111111111111,percent
18,3,8,0.1111111111111111,percent
18,3,9,0.1111111111111111,percent
18,3,10,0.1111111111111111,percent
18,3,11,0.1111111111111111,percent
18,3,12,0.1111111111111111,percent
18,4,2,0.1111111111111111,percent
18,4,3,0.1111111111111111,percent
18,4,4,0.1111111111111111,percent
18,4,7,0.1111111111111111,percent
18,4,8,0.1111111111111111,percent
18,4,9,0.1111111111111111,percent
18,4,10,0.1111111111111111,percent
18,4,11,0.1111111111111111,percent
18,4,12,0.1111111111111111,percent
18,5,2,0.1111111111111111,percent
18,5,3,0.1111111111111111,percent
18,5,4,0.1111111111111111,percent
18,5,7,0.1111111111111111,percent
18,5,8,0.1111111111111111,percent
18,5,9,0.1111111111111111,percent
18,5,10,0.1111111111111111,percent
18,5,11,0.1111111111111111,percent
18,5,12,0.1111111111111111,percent
18,6,2,0.125,percent
18,6,3,0.125,percent
18,6,4,0.125,percent
18,6,7,0.125,percent
18,6,8,0.125,percent
18,6,9,0.125,percent
18,6,10,0.125,percent
18,6,12,0.125,percent
18,7,2,0.14285714285714285,percent
18,7,3,0.14285714285714285,percent
18,7,4,0.14285714285714285,percent
18,7,7,0.14285714285714285,percent
18,7,8,0.14285714285714285,percent
18,7,9,0.14285714285714285,percent
18,7,12,0.14285714285714285,percent
18,8,2,0.1600441512312398,percent
18,8,3,0.1688937087533637,percent
18,8,4,0.1688937087533637,percent
18,8,7,0.1666374514706839,percent
18,8,8,0.16663727103798517,percent
18,8,9,0.1688937087533637,percent
18,9,3,0.19997254650702825,percent
18,9,4,0.20527666311044393,percent
18,9,7,0.19480545892196227,percent
18,9,8,0.19997266573028258,percent
18,9,9,0.19997266573028305,percent
18,10,3,0.25,percent
18,10,4,0.25,percent
18,10,8,0.25,percent
18,10,9,0.25,percent
19,1,1,0.0769135267463118,percent
19,1,2,0.07691352674631413,percent
19,1,3,0.07691352674631191,percent
19,1,4,0.07691352674631326,percent
19,1,5,0.07691352674631194,percent
19,1,6,0.07428659641729221,percent
19,1,7,0.07691352674631143,percent
19,1,8,0.07691352674631415,percent
19,1,9,0.07966294050331371,percent
19,1,10,0.07691382475952149,percent
19,1,11,0.07691352674631573,percent
19,1,12,0.07691436118128805,percent
19,1,13,0.07691406316808037,percent
19,2,1,0.08329677982544946,percent
19,2,2,0.08329677982544616,percent
19,2,3,0.08329677982544803,percent
19,2,4,0.08329677982544705,percent
19,2,5,0.08329677982544649,percent
19,2,7,0.0832967798254446,percent
19,2,8,0.08329677982544408,percent
19,2,9,0.08329677982544442,percent
19,2,10,0.0890411117465001,percent
19,2,11,0.07799138798959403,percent
19,2,12,0.08329648183489108,percent
19,2,13,0.08329677982544442,percent
19,3,1,0.09090909090909091,percent
19,3,2,0.09090909090909091,percent
19,3,3,0.09090909090909091,percent
19,3,4,0.09090909090909091,percent
19,3,5,0.09090909090909091,percent
19,3,7,0.09090909090909091,percent
19,3,8,0.09090909090909091,percent
19,3,9,0.09090909090909091,percent
19,3,10,0.09090909090909091,percent
19,3,12,0.09090909090909091,percent
19,3,13,0.09090909090909091,percent
19,4,1,0.09993125153630472,percent
19,4,2,0.10640981708314055,percent
19,4,3,0.09993154953571286,percent
19,4,4,0.09993154953571075,percent
19,4,5,0.09993154953571265,percent
19,4,8,0.0999315495357104,percent
19,4,9,0.09078481708314055,percent
19,4,10,0.10328481708314054,percent
19,4,12,0.09993154953571405,percent
19,4,13,0.09993154953571308,percent
19,5,1,0.1111111111111111,percent
19,5,2,0.1111111111111111,percent
19,5,3,0.1111111111111111,percent
19,5,4,0.1111111111111111,percent
19,5,5,0.1111111111111111,percent
19,5,8,0.1111111111111111,percent
19,5,10,0.1111111111111111,percent
19,5,12,0.1111111111111111,percent
19,5,13,0.1111111111111111,percent
19,6,1,0.11578460548458225,percent
19,6,2,0.10213272835147645,percent
19,6,3,0.11104967677989415,percent
19,6,4,0.11104967677989278,percent
19,6,5,0.11104967677989372,percent
19,6,8,0.11578460548458225,percent
19,6,10,0.11104967677989258,percent
19,6,12,0.11104967677989222,percent
19,6,13,0.11104967677989355,percent
19,7,1,0.125,percent
19,7,3,0.125,percent
19,7,4,0.125,percent
19,7,5,0.125,percent
19,7,8,0.125,percent
19,7,10,0.125,percent
19,7,12,0.125,percent
19,7,13,0.125,percent
19,8,3,0.14285714285714285,percent
19,8,4,0.14285714285714285,percent
19,8,5,0.14285714285714285,percent
19,8,8,0.14285714285714285,percent
19,8,10,0.14285714285714285,percent
19,8,12,0.14285714285714285,percent
19,8,13,0.14285714285714285,percent
19,9,3,0.15194034212930485,percent
19,9,4,0.1664364456007912,percent
19,9,5,0.1664364456007912,percent
19,9,8,0.1823141739050058,percent
19,9,12,0.16643629638205373,percent
19,9,13,0.16643629638205318,percent
19,10,4,0.2,percent
19,10,5,0.2,percent
19,10,8,0.2,percent
19,10,12,0.2,percent
19,10,13,0.2,percent
19,11,4,0.25,percent
19,11,5,0.25,percent
19,11,12,0.25,percent
19,11,13,0.25,percent
20,1,1,0.08333333333333333,percent
20,1,2,0.08333333333333333,percent
20,1,3,0.08333333333333333,percent
20,1,4,0.08333333333333333,percent
20,1,5,0.08333333333333333,percent
20,1,6,0.08333333333333333,percent
20,1,7,0.08333333333333333,percent
20,1,8,0.08333333333333333,percent
20,1,9,0.08333333333333333,percent
20,1,10,0.08333333333333333,percent
20,1,11,0.08333333333333333,percent
20,1,12,0.08333333333333333,percent
20,2,1,0.08313372407727196,percent
20,2,2,0.08313372407727049,percent
20,2,3,0.08313372407727108,percent
20,2,4,0.08313372407727194,percent
20,2,5,0.08313372407726954,percent
20,2,6,0.08313372407726986,percent
20,2,7,0.08313372407726918,percent
20,2,8,0.08393216110152199,percent
20,2,9,0.08313372407727065,percent
20,2,10,0.0695229391995047,percent
20,2,11,0.08313372407726935,percent
20,2,12,0.09834138300353927,percent
20,3,1,0.09090909090909091,percent
20,3,2,0.09090909090909091,percent
20,3,3,0.09090909090909091,percent
20,3,4,0.09090909090909091,percent
20,3,5,0.09090909090909091,percent
20,3,6,0.09090909090909091,percent
20,3,7,0.09090909090909091,percent
20,3,8,0.09090909090909091,percent
20,3,9,0.09090909090909091,percent
20,3,11,0.09090909090909091,percent
20,3,12,0.09090909090909091,percent
20,4,1,0.10107715798156292,percent
20,4,2,0.09997800645190678,percent
20,4,3,0.0999780064519068,percent
20,4,4,0.09997800645190558,percent
20,4,5,0.09997800645190665,percent
20,4,6,0.09492331182771675,percent
20,4,7,0.09997770843635025,percent
20,4,9,0.09997770843634968,percent
20,4,11,0.09997800645190866,percent
20,4,12,0.10415408105848599,percent
20,5,1,0.1042185834234199,percent
20,5,2,0.11106122250496947,percent
20,5,3,0.1110612225049696,percent
20,5,4,0.11106122250496898,percent
20,5,5,0.11106122250497014,percent
20,5,7,0.11835285904179445,percent
20,5,9,0.11106122250496939,percent
20,5,11,0.11106122250496875,percent
20,5,12,0.11106122250496925,percent
20,6,2,0.1249991655289448,percent
20,6,3,0.12499916552894616,percent
20,6,4,0.12499940394924804,percent
20,6,5,0.12499940394924838,percent
20,6,7,0.1258856572190086,percent
20,6,9,0.12499916552894588,percent
20,6,11,0.12411887276671178,percent
20,6,12,0.12499916552894633,percent
20,7,2,0.12229181959512553,percent
20,7,3,0.14253310380759282,percent
20,7,4,0.14253310380759293,percent
20,7,5,0.14253310380759304,percent
20,7,7,0.15378788258725148,percent
20,7,9,0.14253310380759288,percent
20,7,12,0.1537878825872515,percent
20,8,3,0.1666611530677691,percent
20,8,4,0.16666115306776874,percent
20,8,5,0.1666611530677689,percent
20,8,7,0.16903624645941787,percent
20,8,9,0.16667218026556443,percent
20,8,12,0.164308114071711,percent
20,9,3,0.25,percent
20,9,4,0.25,percent
20,9,5,0.25,percent
20,9,9,0.25,percent
20,10,3,0.3333333333333333,percent
20,10,4,0.3333333333333333,percent
20,10,9,0.3333333333333333,percent
21,1,1,0.07692307692307693,percent
21,1,2,0.07692307692307693,percent
21,1,3,0.07692307692307693,percent
21,1,4,0.07692307692307693,percent
21,1,5,0.07692307692307693,percent
21,1,6,0.07692307692307693,percent
21,1,7,0.07692307692307693,percent
21,1,8,0.07692307692307693,percent
21,1,9,0.07692307692307693,percent
21,1,10,0.07692307692307693,percent
21,1,11,0.07692307692307693,percent
21,1,12,0.07692307692307693,percent
21,1,13,0.07692307692307693,percent
21,2,1,0.08071795733322372,percent
21,2,2,0.076905205842893,percent
21,2,3,0.07690520584289061,percent
21,2,4,0.076905205842892,percent
21,2,5,0.07690520584289172,percent
21,2,6,0.07690520584288991,percent
21,2,7,0.07690520584288983,percent
21,2,8,0.07690520584289344,percent
21,2,9,0.07690520584289323,percent
21,2,10,0.07690520584289247,percent
21,2,11,0.0769052058428957,percent
21,2,12,0.07332424199126439,percent
21,2,13,0.07690574224658982,percent
21,3,1,0.1,percent
21,3,2,0.1,percent
21,3,3,0.1,percent
21,3,5,0.1,percent
21,3,7,0.1,percent
21,3,8,0.1,percent
21,3,9,0.1,percent
21,3,10,0.1,percent
21,3,11,0.1,percent
21,3,13,0.1,percent
21,4,1,0.1,percent
21,4,2,0.1,percent
21,4,3,0.1,percent
21,4,5,0.1,percent
21,4,7,0.1,percent
21,4,8,0.1,percent
21,4,9,0.1,percent
21,4,10,0.1,percent
21,4,11,0.1,percent
21,4,13,0.1,percent
21,5,2,0.1111111111111111,percent
21,5,3,0.1111111111111111,percent
21,5,5,0.1111111111111111,percent
21,5,7,0.1111111111111111,percent
21,5,8,0.1111111111111111,percent
21,5,9,0.1111111111111111,percent
21,5,10,0.1111111111111111,percent
21,5,11,0.1111111111111111,percent
21,5,13,0.1111111111111111,percent
21,6,2,0.1111111111111111,percent
21,6,3,0.1111111111111111,percent
21,6,5,0.1111111111111111,percent
21,6,7,0.1111111111111111,percent
21,6,8,0.1111111111111111,percent
21,6,9,0.1111111111111111,percent
21,6,10,0.1111111111111111,percent
21,6,11,0.1111111111111111,percent
21,6,13,0.1111111111111111,percent
21,7,2,0.1249879066639194,percent
21,7,3,0.12498790666392078,percent
21,7,5,0.12784014763472215,percent
21,7,7,0.12498790666392158,percent
21,7,8,0.12557770419580816,percent
21,7,9,0.12557770419580816,percent
21,7,10,0.1210528173179801,percent
21,7,11,0.12498790666391976,percent
21,8,2,0.14285714285714285,percent
21,8,3,0.14285714285714285,percent
21,8,5,0.14285714285714285,percent
21,8,7,0.14285714285714285,percent
21,8,8,0.14285714285714285,percent
21,8,9,0.14285714285714285,percent
21,8,11,0.14285714285714285,percent
21,9,2,0.15156547135363785,percent
21,9,3,0.16980255342050715,percent
21,9,5,0.17892109445394183,percent
21,9,8,0.16647387537150543,percent
21,9,9,0.16676303974269563,percent
21,9,11,0.16647396565771203,percent
21,10,3,0.25,percent
21,10,5,0.25,percent
21,10,9,0.25,percent
21,10,11,0.25,percent
21,11,3,0.25,percent
21,11,5,0.25,percent
21,11,9,0.25,percent
21,11,11,0.25,percent
22,1,1,0.08333333333333333,percent
22,1,2,0.08333333333333333,percent
22,1,3,0.08333333333333333,percent
22,1,4,0.08333333333333333,percent
22,1,5,0.08333333333333333,percent
22,1,6,0.08333333333333333,percent
22,1,7,0.08333333333333333,percent
22,1,8,0.08333333333333333,percent
22,1,9,0.08333333333333333,percent
22,1,10,0.08333333333333333,percent
22,1,11,0.08333333333333333,percent
22,1,12,0.08333333333333333,percent
22,2,1,0.08333333333333333,percent
22,2,2,0.08333333333333333,percent
22,2,3,0.08333333333333333,percent
22,2,4,0.08333333333333333,percent
22,2,5,0.08333333333333333,percent
22,2,6,0.08333333333333333,percent
22,2,7,0.08333333333333333,percent
22,2,8,0.08333333333333333,percent
22,2,9,0.08333333333333333,percent
22,2,10,0.08333333333333333,percent
22,2,11,0.08333333333333333,percent
22,2,12,0.08333333333333333,percent
22,3,1,0.09090909090909091,percent
22,3,2,0.09090909090909091,percent
22,3,3,0.09090909090909091,percent
22,3,4,0.09090909090909091,percent
22,3,5,0.09090909090909091,percent
22,3,6,0.09090909090909091,percent
22,3,7,0.09090909090909091,percent
22,3,9,0.09090909090909091,percent
22,3,10,0.09090909090909091,percent
22,3,11,0.09090909090909091,percent
22,3,12,0.09090909090909091,percent
22,4,2,0.09996072362234533,percent
22,4,3,0.09996072362234483,percent
22,4,4,0.10642669798711148,percent
22,4,5,0.09996072362234369,percent
22,4,6,0.09996072362234398,percent
22,4,7,0.09996072362234233,percent
22,4,9,0.0999607236223449,percent
22,4,10,0.09996072362234511,percent
22,4,11,0.09996072362234495,percent
22,4,12,0.09388751303413342,percent
22,5,2,0.1111111111111111,percent
22,5,3,0.1111111111111111,percent
22,5,4,0.1111111111111111,percent
22,5,5,0.1111111111111111,percent
22,5,6,0.1111111111111111,percent
22,5,7,0.1111111111111111,percent
22,5,9,0.1111111111111111,percent
22,5,10,0.1111111111111111,percent
22,5,11,0.1111111111111111,percent
22,6,2,0.1111111111111111,percent
22,6,3,0.1111111111111111,percent
22,6,4,0.1111111111111111,percent
22,6,5,0.1111111111111111,percent
22,6,6,0.1111111111111111,percent
22,6,7,0.1111111111111111,percent
22,6,9,0.1111111111111111,percent
22,6,10,0.1111111111111111,percent
22,6,11,0.1111111111111111,percent
22,7,2,0.12422420746465351,percent
22,7,3,0.12656065606278433,percent
22,7,5,0.12422420746465351,percent
22,7,6,0.1249981858015817,percent
22,7,7,0.12499818580158185,percent
22,7,9,0.12499818580158185,percent
22,7,10,0.12499818580158169,percent
22,7,11,0.12499818580158151,percent
22,8,3,0.15110819284246554,percent
22,8,6,0.16885967213240638,percent
22,8,7,0.16644611795878228,percent
22,8,9,0.16644605772280552,percent
22,8,10,0.16644596768450665,percent
22,8,11,0.18069399165903358,percent
22,9,6,0.19994751541179323,percent
22,9,7,0.19994751541179348,percent
22,9,9,0.202357870097132,percent
22,9,10,0.20584219065462325,percent
22,9,11,0.1919049084246581,percent
22,10,7,0.3333333333333333,percent
22,10,9,0.3333333333333333,percent
22,10,10,0.3333333333333333,percent
23,1,1,0.07692307692307693,percent
23,1,2,0.07692307692307693,percent
23,1,3,0.07692307692307693,percent
23,1,4,0.07692307692307693,percent
23,1,5,0.07692307692307693,percent
23,1,6,0.07692307692307693,percent
23,1,7,0.07692307692307693,percent
23,1,8,0.07692307692307693,percent
23,1,9,0.07692307692307693,percent
23,1,10,0.07692307692307693,percent
23,1,11,0.07692307692307693,percent
23,1,12,0.07692307692307693,percent
23,1,13,0.07692307692307693,percent
23,2,1,0.07413980795200746,percent
23,2,2,0.07691247227846561,percent
23,2,3,0.07691247227846357,percent
23,2,4,0.07691247227846582,percent
23,2,5,0.07691247227846325,percent
23,2,6,0.07691247227846333,percent
23,2,7,0.07691247227846153,percent
23,2,8,0.07982162613382564,percent
23,2,9,0.07691247227846285,percent
23,2,10,0.07691247227846454,percent
23,2,11,0.07691247227846382,percent
23,2,12,0.07691330671003178,percent
23,2,13,0.07691300869796067,percent
23,3,2,0.08333333333333333,percent
23,3,3,0.08333333333333333,percent
23,3,4,0.08333333333333333,percent
23,3,5,0.08333333333333333,percent
23,3,6,0.08333333333333333,percent
23,3,7,0.08333333333333333,percent
23,3,8,0.08333333333333333,percent
23,3,9,0.08333333333333333,percent
23,3,10,0.08333333333333333,percent
23,3,11,0.08333333333333333,percent
23,3,12,0.08333333333333333,percent
23,3,13,0.08333333333333333,percent
23,4,2,0.09089277046253025,percent
23,4,3,0.09478367210604766,percent
23,4,4,0.09095225448152658,percent
23,4,5,0.09089277046252293,percent
23,4,6,0.09089277046252334,percent
23,4,7,0.09089277046252417,percent
23,4,9,0.09089277046252262,percent
23,4,10,0.09089277046252385,percent
23,4,11,0.0871208368570055,percent
23,4,12,0.090893306890137,percent
23,4,13,0.09089330689013615,percent
23,5,2,0.1111111111111111,percent
23,5,3,0.1111111111111111,percent
23,5,4,0.1111111111111111,percent
23,5,5,0.1111111111111111,percent
23,5,6,0.1111111111111111,percent
23,5,7,0.1111111111111111,percent
23,5,9,0.1111111111111111,percent
23,5,12,0.1111111111111111,percent
23,5,13,0.1111111111111111,percent
23,6,2,0.1111111111111111,percent
23,6,3,0.1111111111111111,percent
23,6,4,0.1111111111111111,percent
23,6,5,0.1111111111111111,percent
23,6,6,0.1111111111111111,percent
23,6,7,0.1111111111111111,percent
23,6,9,0.1111111111111111,percent
23,6,12,0.1111111111111111,percent
23,6,13,0.1111111111111111,percent
23,7,2,0.12319498283406106,percent
23,7,3,0.12682474689939682,percent
23,7,4,0.12499687066161226,percent
23,7,5,0.12499687066161289,percent
23,7,6,0.12499663223582895,percent
23,7,9,0.12499663223582955,percent
23,7,12,0.12499663223582928,percent
23,7,13,0.12499663223582914,percent
23,8,3,0.14956731807364584,percent
23,8,4,0.13464193008818517,percent
23,8,5,0.1427996407732521,percent
23,8,6,0.14279964077325238,percent
23,8,9,0.14279964077325297,percent
23,8,12,0.14279964077325252,percent
23,8,13,0.14459218874515897,percent
23,9,3,0.16666666666666666,percent
23,9,5,0.16666666666666666,percent
23,9,6,0.16666666666666666,percent
23,9,9,0.16666666666666666,percent
23,9,12,0.16666666666666666,percent
23,9,13,0.16666666666666666,percent
23,10,5,0.20685702000947045,percent
23,10,6,0.1999533778356237,percent
23,10,9,0.19995337783562364,percent
23,10,12,0.2000310814429176,percent
23,10,13,0.19320514287636467,percent
23,11,5,0.25,percent
23,11,6,0.25,percent
23,11,9,0.25,percent
23,11,12,0.25,percent
24,1,1,0.08333333333333333,percent
24,1,2,0.08333333333333333,percent
24,1,3,0.08333333333333333,percent
24,1,4,0.08333333333333333,percent
24,1,5,0.08333333333333333,percent
24,1,6,0.08333333333333333,percent
24,1,7,0.08333333333333333,percent
24,1,8,0.08333333333333333,percent
24,1,9,0.08333333333333333,percent
24,1,10,0.08333333333333333,percent
24,1,11,0.08333333333333333,percent
24,1,12,0.08333333333333333,percent
24,2,1,0.08333333333333333,percent
24,2,2,0.08333333333333333,percent
24,2,3,0.08333333333333333,percent
24,2,4,0.08333333333333333,percent
24,2,5,0.08333333333333333,percent
24,2,6,0.08333333333333333,percent
24,2,7,0.08333333333333333,percent
24,2,8,0.08333333333333333,percent
24,2,9,0.08333333333333333,percent
24,2,10,0.08333333333333333,percent
24,2,11,0.08333333333333333,percent
24,2,12,0.08333333333333333,percent
24,3,1,0.09090909090909091,percent
24,3,2,0.09090909090909091,percent
24,3,3,0.09090909090909091,percent
24,3,4,0.09090909090909091,percent
24,3,5,0.09090909090909091,percent
24,3,6,0.09090909090909091,percent
24,3,7,0.09090909090909091,percent
24,3,8,0.09090909090909091,percent
24,3,10,0.09090909090909091,percent
24,3,11,0.09090909090909091,percent
24,3,12,0.09090909090909091,percent
24,4,2,0.1,percent
24,4,3,0.1,percent
24,4,4,0.1,percent
24,4,5,0.1,percent
24,4,6,0.1,percent
24,4,7,0.1,percent
24,4,8,0.1,percent
24,4,10,0.1,percent
24,4,11,0.1,percent
24,4,12,0.1,percent
24,5,3,0.11108595148916012,percent
24,5,4,0.1110859514891593,percent
24,5,5,0.11225792158308463,percent
24,5,6,0.11108595148915894,percent
24,5,7,0.11554739526729516,percent
24,5,8,0.11108595148915931,percent
24,5,10,0.10567897421466359,percent
24,5,11,0.11108595148915942,percent
24,5,12,0.11108595148915948,percent
24,6,3,0.10845698738850565,percent
24,6,4,0.12481438807617831,percent
24,6,5,0.12890308404278072,percent
24,6,6,0.12481438807617898,percent
24,6,7,0.1307618201022603,percent
24,6,8,0.12481438807617797,percent
24,6,11,0.12481438807617821,percent
24,6,12,0.13262055616173984,percent
24,7,4,0.1320735999146214,percent
24,7,5,0.15183644576442376,percent
24,7,6,0.1427424464906491,percent
24,7,7,0.1478838765944633,percent
24,7,8,0.14274244649065043,percent
24,7,11,0.14274244649064974,percent
24,7,12,0.13997873825454235,percent
24,8,5,0.2,percent
24,8,6,0.2,percent
24,8,7,0.2,percent
24,8,8,0.2,percent
24,8,11,0.2,percent
24,9,6,0.23377046428917536,percent
24,9,7,0.2667737646192084,percent
24,9,8,0.2497278408070781,percent
24,9,11,0.24972793028453819,percent
24,10,7,0.3333333333333333,percent
24,10,8,0.3333333333333333,percent
24,10,11,0.3333333333333333,percent
25,1,1,0.07692307692307693,percent
25,1,2,0.07692307692307693,percent
25,1,3,0.07692307692307693,percent
25,1,4,0.07692307692307693,percent
25,1,5,0.07692307692307693,percent
25,1,6,0.07692307692307693,percent
25,1,7,0.07692307692307693,percent
25,1,8,0.07692307692307693,percent
25,1,9,0.07692307692307693,percent
25,1,10,0.07692307692307693,percent
25,1,11,0.07692307692307693,percent
25,1,12,0.07692307692307693,percent
25,1,13,0.07692307692307693,percent
25,2,1,0.07690992739800592,percent
25,2,2,0.07690992739800613,percent
25,2,3,0.07690992739800392,percent
25,2,4,0.07877199555072475,percent
25,2,5,0.0769438419858253,percent
25,2,6,0.0769438419858253,percent
25,2,7,0.07690992739800213,percent
25,2,8,0.07690992739800484,percent
25,2,9,0.07690992739800646,percent
25,2,10,0.0732875348560264,percent
25,2,11,0.07877199555072475,percent
25,2,12,0.0769107618510356,percent
25,2,13,0.07691046383180866,percent
25,3,1,0.09090909090909091,percent
25,3,2,0.09090909090909091,percent
25,3,3,0.09090909090909091,percent
25,3,4,0.09090909090909091,percent
25,3,5,0.09090909090909091,percent
25,3,6,0.09090909090909091,percent
25,3,7,0.09090909090909091,percent
25,3,9,0.09090909090909091,percent
25,3,11,0.09090909090909091,percent
25,3,12,0.09090909090909091,percent
25,3,13,0.09090909090909091,percent
25,4,1,0.09090509743644037,percent
25,4,2,0.09090509743643481,percent
25,4,3,0.09090509743643563,percent
25,4,4,0.0890812086294271,percent
25,4,5,0.09090509743643313,percent
25,4,6,0.09090509743643384,percent
25,4,7,0.09090509743643216,percent
25,4,9,0.09090509743643238,percent
25,4,11,0.09277124552979611,percent
25,4,12,0.09090593189286678,percent
25,4,13,0.09090593189286769,percent
25,5,1,0.1,percent
25,5,2,0.1,percent
25,5,3,0.1,percent
25,5,5,0.1,percent
25,5,6,0.1,percent
25,5,7,0.1,percent
25,5,9,0.1,percent
25,5,11,0.1,percent
25,5,12,0.1,percent
25,5,13,0.1,percent
25,6,2,0.1111111111111111,percent
25,6,3,0.1111111111111111,percent
25,6,5,0.1111111111111111,percent
25,6,6,0.1111111111111111,percent
25,6,7,0.1111111111111111,percent
25,6,9,0.1111111111111111,percent
25,6,11,0.1111111111111111,percent
25,6,12,0.1111111111111111,percent
25,6,13,0.1111111111111111,percent
25,7,2,0.125,percent
25,7,3,0.125,percent
25,7,5,0.125,percent
25,7,6,0.125,percent
25,7,7,0.125,percent
25,7,9,0.125,percent
25,7,12,0.125,percent
25,7,13,0.125,percent
25,8,2,0.16662274513394815,percent
25,8,3,0.16662274513394723,percent
25,8,6,0.15925592912303405,percent
25,8,7,0.16884059365977525,percent
25,8,9,0.16662250511060633,percent
25,8,12,0.172035481838689,percent
25,9,2,0.20261781969829348,percent
25,9,3,0.1997769515481136,percent
25,9,7,0.18409930117977494,percent
25,9,9,0.19977699676441343,percent
25,9,12,0.2137289308094046,percent
25,10,2,0.25,percent
25,10,3,0.25,percent
25,10,9,0.25,percent
25,10,12,0.25,percent
26,1,1,0.09532877959378858,percent
26,1,2,0.09997729165986369,percent
26,1,3,0.1048525891175981,percent
26,1,4,0.09997729165986247,percent
26,1,5,0.09997729165986262,percent
26,1,6,0.09997729165986063,percent
26,1,7,0.09997729165986206,percent
26,1,8,0.099977291659863,percent
26,1,9,0.09997729165986352,percent
26,1,10,0.09997758966957539,percent
26,2,3,0.12494346828750424,percent
26,2,4,0.11637147808780109,percent
26,2,5,0.1294555902373338,percent
26,2,6,0.12494346828750771,percent
26,2,7,0.12494346828750667,percent
26,2,8,0.1249434682875062,percent
26,2,9,0.1294555902373338,percent
26,2,10,0.12494346828750649,percent
26,3,5,0.16666666666666666,percent
26,3,6,0.16666666666666666,percent
26,3,7,0.16666666666666666,percent
26,3,8,0.16666666666666666,percent
26,3,9,0.16666666666666666,percent
26,3,10,0.16666666666666666,percent
26,4,8,0.3333333333333333,percent
26,4,9,0.3333333333333333,percent
26,4,10,0.3333333333333333,percent
27,1,1,0.07688034482495867,percent
27,1,2,0.07688034482495622,percent
27,1,3,0.076880344824954,percent
27,1,4,0.07688034482495491,percent
27,1,5,0.0768803448249557,percent
27,1,6,0.07688034482495457,percent
27,1,7,0.07688034482495319,percent
27,1,8,0.07688034482495565,percent
27,1,9,0.07029548220848116,percent
27,1,10,0.07688034482495644,percent
27,1,11,0.07688034482495575,percent
27,1,12,0.07688009713740425,percent
27,1,13,0.08402097240455958,percent
27,2,1,0.08332918589492899,percent
27,2,2,0.0833291858949259,percent
27,2,3,0.08332918589492654,percent
27,2,4,0.08332948391445372,percent
27,2,5,0.08332918589492613,percent
27,2,6,0.08150549268011822,percent
27,2,7,0.0833291858949244,percent
27,2,8,0.08332918589492425,percent
27,2,10,0.08332918589492587,percent
27,2,11,0.08332918589492272,percent
27,2,12,0.0833291858949253,percent
27,2,13,0.0852023503510979,percent
27,3,1,0.0908490779406307,percent
27,3,2,0.09084907794062574,percent
27,3,3,0.08379868810259208,percent
27,3,4,0.09084907794062345,percent
27,3,5,0.09084907794062397,percent
27,3,7,0.09084907794062491,percent
27,3,8,0.09084907794062347,percent
27,3,10,0.09084907794062348,percent
27,3,11,0.09084931631498226,percent
27,3,12,0.09084961429398189,percent
27,3,13,0.09855883570406809,percent
27,4,1,0.09943594534339627,percent
27,4,2,0.09943594534339659,percent
27,4,4,0.09943594534339749,percent
27,4,5,0.09943594534339607,percent
27,4,7,0.09943594534339702,percent
27,4,8,0.0994359453433954,percent
27,4,10,0.10275290914126985,percent
27,4,11,0.0768908401757526,percent
27,4,12,0.09943594534339788,percent
27,4,13,0.12430463327920088,percent
27,5,1,0.1111111111111111,percent
27,5,2,0.1111111111111111,percent
27,5,4,0.1111111111111111,percent
27,5,5,0.1111111111111111,percent
27,5,7,0.1111111111111111,percent
27,5,8,0.1111111111111111,percent
27,5,10,0.1111111111111111,percent
27,5,12,0.1111111111111111,percent
27,5,13,0.1111111111111111,percent
27,6,1,0.11099212207759729,percent
27,6,2,0.11099212207759733,percent
27,6,4,0.12244460329609612,percent
27,6,5,0.11099212207759687,percent
27,6,7,0.10061054216072493,percent
27,6,8,0.11099212207759683,percent
27,6,10,0.11099212207759733,percent
27,6,12,0.11099212207759639,percent
27,6,13,0.11099212207759689,percent
27,7,1,0.12492362203847342,percent
27,7,2,0.1249236220384756,percent
27,7,4,0.1189970284033075,percent
27,7,5,0.12492362203847625,percent
27,7,8,0.12129587897802015,percent
27,7,10,0.12492362203847539,percent
27,7,12,0.12492362203847568,percent
27,7,13,0.13508898242629602,percent
27,8,1,0.1666643271562549,percent
27,8,2,0.16666432715625434,percent
27,8,5,0.16666432715625448,percent
27,8,10,0.16822421522543363,percent
27,8,12,0.16666417814248086,percent
27,8,13,0.16511862516332182,percent
27,9,2,0.25,percent
27,9,5,0.25,percent
27,9,10,0.25,percent
27,9,12,0.25,percent
28,1,1,0.08333333333333333,rank_save
28,1,2,0.08333333333333333,rank_save
28,1,3,0.08333333333333333,rank_save
28,1,4,0.08333333333333333,rank_save
28,1,5,0.08333333333333333,rank_save
28,1,6,0.08333333333333333,rank_save
28,1,7,0.08333333333333333,rank_save
28,1,8,0.08333333333333333,rank_save
28,1,9,0.08333333333333333,rank_save
28,1,10,0.08333333333333333,rank_save
28,1,11,0.08333333333333333,rank_save
28,1,12,0.08333333333333333,rank_save
28,2,1,0.08373076923076923,rank_save
28,2,2,0.08544871794871794,rank_save
28,2,3,0.08379487179487179,rank_save
28,2,4,0.04007692307692307,rank_save
28,2,5,0.11610256410256412,rank_save
28,2,6,0.09607692307692307,rank_save
28,2,7,0.104,rank_save
28,2,8,0.03929487179487179,rank_save
28,2,9,0.08821794871794872,rank_save
28,2,10,0.08566666666666667,rank_save
28,2,11,0.09038461538461538,rank_save
28,2,12,0.0872051282051282,rank_save
28,3,1,0.1,rank_save
28,3,2,0.1,rank_save
28,3,3,0.1,rank_save
28,3,5,0.1,rank_save
28,3,6,0.1,rank_save
28,3,7,0.1,rank_save
28,3,9,0.1,rank_save
28,3,10,0.1,rank_save
28,3,11,0.1,rank_save
28,3,12,0.1,rank_save
28,4,1,0.10952727272727272,rank_save
28,4,2,0.10638181818181817,rank_save
28,4,3,0.10085454545454545,rank_save
28,4,5,0.06732727272727274,rank_save
28,4,6,0.10012727272727272,rank_save
28,4,7,0.10785454545454547,rank_save
28,4,9,0.0997818181818182,rank_save
28,4,10,0.10305454545454545,rank_save
28,4,11,0.10601818181818183,rank_save
28,4,12,0.09907272727272727,rank_save
28,5,1,0.1111111111111111,rank_save
28,5,2,0.1111111111111111,rank_save
28,5,3,0.1111111111111111,rank_save
28,5,6,0.1111111111111111,rank_save
28,5,7,0.1111111111111111,rank_save
28,5,9,0.1111111111111111,rank_save
28,5,10,0.1111111111111111,rank_save
28,5,11,0.1111111111111111,rank_save
28,5,12,0.1111111111111111,rank_save
28,6,1,0.07896825396825398,rank_save
28,6,2,0.07777777777777778,rank_save
28,6,3,0.11716269841269841,rank_save
28,6,6,0.0228174603174603,rank_save
28,6,7,0.1488095238095238,rank_save
28,6,9,0.12083333333333333,rank_save
28,6,10,0.14990079365079365,rank_save
28,6,11,0.1423611111111111,rank_save
28,6,12,0.14136904761904762,rank_save
28,7,1,0.1425,rank_save
28,7,2,0.12433333333333334,rank_save
28,7,3,0.13675,rank_save
28,7,7,0.14080555555555554,rank_save
28,7,9,0.12763888888888889,rank_save
28,7,10,0.12636111111111112,rank_save
28,7,11,0.07050000000000001,rank_save
28,7,12,0.1311111111111111,rank_save
28,8,1,0.08221428571428573,rank_save
28,8,2,0.1448214285714286,rank_save
28,8,3,0.15650000000000003,rank_save
28,8,7,0.15867857142857145,rank_save
28,8,9,0.16439285714285717,rank_save
28,8,10,0.15050000000000005,rank_save
28,8,12,0.14289285714285715,rank_save
28,9,2,0.1691904761904762,rank_save
28,9,3,0.1672857142857143,rank_save
28,9,7,0.14376190476190476,rank_save
28,9,9,0.17214285714285715,rank_save
28,9,10,0.167,rank_save
28,9,12,0.18061904761904762,rank_save
28,10,2,0.17386666666666664,rank_save
28,10,3,0.20313333333333333,rank_save
28,10,9,0.20666666666666664,rank_save
28,10,10,0.19859999999999997,rank_save
28,10,12,0.2177333333333333,rank_save
28,11,3,0.25,rank_save
28,11,9,0.25,rank_save
28,11,10,0.25,rank_save
28,11,12,0.25,rank_save
29,1,1,0.06666666666666667,rank_save
29,1,2,0.06666666666666667,rank_save
29,1,3,0.06666666666666667,rank_save
29,1,4,0.06666666666666667,rank_save
29,1,5,0.06666666666666667,rank_save
29,1,6,0.06666666666666667,rank_save
29,1,7,0.06666666666666667,rank_save
29,1,8,0.06666666666666667,rank_save
29,1,9,0.06666666666666667,rank_save
29,1,10,0.06666666666666667,rank_save
29,1,11,0.06666666666666667,rank_save
29,1,12,0.06666666666666667,rank_save
29,1,13,0.06666666666666667,rank_save
29,1,14,0.06666666666666667,rank_save
29,1,15,0.06666666666666667,rank_save
29,2,1,0.069525,rank_save
29,2,2,0.06808333333333333,rank_save
29,2,3,0.06770833333333333,rank_save
29,2,4,0.07394166666666667,rank_save
29,2,5,0.068825,rank_save
29,2,6,0.03560833333333333,rank_save
29,2,7,0.06890833333333334,rank_save
29,2,8,0.06885000000000001,rank_save
29,2,9,0.06754166666666667,rank_save
29,2,10,0.06576666666666667,rank_save
29,2,11,0.06666666666666667,rank_save
29,2,12,0.06711666666666667,rank_save
29,2,13,0.0711,rank_save
29,2,14,0.07093333333333333,rank_save
29,2,15,0.069425,rank_save
29,3,1,0.07661904761904761,rank_save
29,3,2,0.07451428571428571,rank_save
29,3,3,0.07326666666666666,rank_save
29,3,4,0.07645714285714285,rank_save
29,3,5,0.07637142857142858,rank_save
29,3,7,0.07138095238095238,rank_save
29,3,8,0.07096190476190475,rank_save
29,3,9,0.0709047619047619,rank_save
29,3,10,0.07280952380952381,rank_save
29,3,11,0.07794285714285715,rank_save
29,3,12,0.07288571428571428,rank_save
29,3,13,0.04002857142857142,rank_save
29,3,14,0.07224761904761905,rank_save
29,3,15,0.0736095238095238,rank_save
29,4,1,0.03686813186813187,rank_save
29,4,2,0.08464835164835165,rank_save
29,4,3,0.08052747252747253,rank_save
29,4,4,0.07974725274725275,rank_save
29,4,5,0.07723076923076923,rank_save
29,4,7,0.08094505494505494,rank_save
29,4,8,0.07838461538461539,rank_save
29,4,9,0.07874725274725275,rank_save
29,4,10,0.07725274725274725,rank_save
29,4,11,0.08349450549450549,rank_save
29,4,12,0.07832967032967034,rank_save
29,4,14,0.07868131868131868,rank_save
29,4,15,0.08514285714285715,rank_save
29,5,2,0.04530769230769232,rank_save
29,5,3,0.09219230769230768,rank_save
29,5,4,0.0891025641025641,rank_save
29,5,5,0.08848717948717949,rank_save
29,5,7,0.08996153846153847,rank_save
29,5,8,0.0859102564102564,rank_save
29,5,9,0.08274358974358974,rank_save
29,5,10,0.08541025641025642,rank_save
29,5,11,0.08743589743589744,rank_save
29,5,12,0.08526923076923076,rank_save
29,5,14,0.08255128205128205,rank_save
29,5,15,0.08562820512820513,rank_save
29,6,3,0.09999999999999999,rank_save
29,6,4,0.09651515151515151,rank_save
29,6,5,0.09183333333333334,rank_save
29,6,7,0.049848484848484836,rank_save
29,6,8,0.10045454545454545,rank_save
29,6,9,0.09237878787878788,rank_save
29,6,10,0.09054545454545454,rank_save
29,6,11,0.09780303030303031,rank_save
29,6,12,0.09401515151515151,rank_save
29,6,14,0.09198484848484847,rank_save
29,6,15,0.09462121212121212,rank_save
29,7,3,0.11429090909090908,rank_save
29,7,4,0.10432727272727274,rank_save
29,7,5,0.11074545454545455,rank_save
29,7,8,0.10109090909090908,rank_save
29,7,9,0.1007090909090909,rank_save
29,7,10,0.11512727272727273,rank_save
29,7,11,0.10249090909090908,rank_save
29,7,12,0.13032727272727274,rank_save
29,7,14,0.07021818181818182,rank_save
29,7,15,0.050672727272727286,rank_save
29,8,3,0.05569444444444444,rank_save
29,8,4,0.14583333333333334,rank_save
29,8,5,0.12855555555555556,rank_save
29,8,8,0.12377777777777779,rank_save
29,8,9,0.12722222222222224,rank_save
29,8,10,0.1418888888888889,rank_save
29,8,11,0.1428333333333333,rank_save
29,8,12,0.13419444444444445,rank_save
29,9,4,0.15485714285714286,rank_save
29,9,5,0.15596428571428572,rank_save
29,9,8,0.1392857142857143,rank_save
29,9,9,0.15517857142857144,rank_save
29,9,10,0.09425000000000001,rank_save
29,9,11,0.15799999999999997,rank_save
29,9,12,0.1424642857142857,rank_save
29,10,4,0.09833333333333336,rank_save
29,10,5,0.20057142857142857,rank_save
29,10,8,0.10166666666666666,rank_save
29,10,9,0.16852380952380952,rank_save
29,10,11,0.25871428571428573,rank_save
29,10,12,0.1721904761904762,rank_save
29,11,5,0.25,rank_save
29,11,9,0.25,rank_save
29,11,11,0.25,rank_save
29,11,12,0.25,rank_save
30,1,1,0.06666666666666667,rank_save
30,1,2,0.06666666666666667,rank_save
30,1,3,0.06666666666666667,rank_save
30,1,4,0.06666666666666667,rank_save
30,1,5,0.06666666666666667,rank_save
30,1,6,0.06666666666666667,rank_save
30,1,7,0.06666666666666667,rank_save
30,1,8,0.06666666666666667,rank_save
30,1,9,0.06666666666666667,rank_save
30,1,10,0.06666666666666667,rank_save
30,1,11,0.06666666666666667,rank_save
30,1,12,0.06666666666666667,rank_save
30,1,13,0.06666666666666667,rank_save
30,1,14,0.06666666666666667,rank_save
30,1,15,0.06666666666666667,rank_save
30,2,1,0.036325,rank_save
30,2,2,0.070875,rank_save
30,2,3,0.06931666666666667,rank_save
30,2,4,0.072725,rank_save
30,2,5,0.06960833333333333,rank_save
30,2,6,0.06667500000000001,rank_save
30,2,7,0.06749166666666667,rank_save
30,2,8,0.06839166666666667,rank_save
30,2,9,0.06934166666666666,rank_save
30,2,10,0.06868333333333335,rank_save
30,2,11,0.066475,rank_save
30,2,12,0.06574166666666666,rank_save
30,2,13,0.071,rank_save
30,2,14,0.07064166666666667,rank_save
30,2,15,0.06670833333333333,rank_save
30,3,2,0.07142857142857142,rank_save
30,3,3,0.07142857142857142,rank_save
30,3,4,0.07142857142857142,rank_save
30,3,5,0.07142857142857142,rank_save
30,3,6,0.07142857142857142,rank_save
30,3,7,0.07142857142857142,rank_save
30,3,8,0.07142857142857142,rank_save
30,3,9,0.07142857142857142,rank_save
30,3,10,0.07142857142857142,rank_save
30,3,11,0.07142857142857142,rank_save
30,3,12,0.07142857142857142,rank_save
30,3,13,0.07142857142857142,rank_save
30,3,14,0.07142857142857142,rank_save
30,3,15,0.07142857142857142,rank_save
30,4,2,0.04510989010989012,rank_save
30,4,3,0.07858241758241757,rank_save
30,4,4,0.03891208791208792,rank_save
30,4,5,0.08191208791208791,rank_save
30,4,6,0.081,rank_save
30,4,7,0.08572527472527473,rank_save
30,4,8,0.09349450549450548,rank_save
30,4,9,0.08238461538461539,rank_save
30,4,10,0.08326373626373626,rank_save
30,4,11,0.07746153846153847,rank_save
30,4,12,0.08,rank_save
30,4,14,0.09228571428571428,rank_save
30,4,15,0.07986813186813187,rank_save
30,5,3,0.09090909090909091,rank_save
30,5,5,0.09090909090909091,rank_save
30,5,6,0.09090909090909091,rank_save
30,5,7,0.09090909090909091,rank_save
30,5,8,0.09090909090909091,rank_save
30,5,9,0.09090909090909091,rank_save
30,5,10,0.09090909090909091,rank_save
30,5,11,0.09090909090909091,rank_save
30,5,12,0.09090909090909091,rank_save
30,5,14,0.09090909090909091,rank_save
30,5,15,0.09090909090909091,rank_save
30,6,3,0.10996363636363636,rank_save
30,6,5,0.10692727272727273,rank_save
30,6,6,0.1002,rank_save
30,6,7,0.0997818181818182,rank_save
30,6,8,0.1041818181818182,rank_save
30,6,10,0.09914545454545455,rank_save
30,6,11,0.10660000000000001,rank_save
30,6,12,0.10285454545454545,rank_save
30,6,14,0.06650909090909092,rank_save
30,6,15,0.10383636363636364,rank_save
30,7,3,0.11473333333333334,rank_save
30,7,5,0.0786,rank_save
30,7,6,0.1174,rank_save
30,7,7,0.11671111111111111,rank_save
30,7,8,0.11551111111111112,rank_save
30,7,10,0.11164444444444445,rank_save
30,7,11,0.10911111111111112,rank_save
30,7,12,0.1145111111111111,rank_save
30,7,15,0.12177777777777779,rank_save
30,8,3,0.12719444444444444,rank_save
30,8,6,0.1261388888888889,rank_save
30,8,7,0.16080555555555553,rank_save
30,8,8,0.14780555555555555,rank_save
30,8,10,0.09855555555555556,rank_save
30,8,11,0.07097222222222221,rank_save
30,8,12,0.1403888888888889,rank_save
30,8,15,0.1281388888888889,rank_save
30,9,3,0.12685714285714284,rank_save
30,9,6,0.07452380952380953,rank_save
30,9,7,0.2019047619047619,rank_save
30,9,8,0.2555714285714285,rank_save
30,9,12,0.16628571428571426,rank_save
30,9,15,0.17485714285714282,rank_save
30,10,7,0.25,rank_save
30,10,8,0.25,rank_save
30,10,12,0.25,rank_save
30,10,15,0.25,rank_save
31,1,1,0.029492647058823523,rank_save
31,1,2,0.06624264705882353,rank_save
31,1,3,0.06300735294117647,rank_save
31,1,4,0.06399264705882353,rank_save
31,1,5,0.06665441176470589,rank_save
31,1,6,0.0639264705882353,rank_save
31,1,7,0.0618235294117647,rank_save
31,1,8,0.06922794117647058,rank_save
31,1,9,0.067,rank_save
31,1,10,0.06101470588235294,rank_save
31,1,11,0.06292647058823529,rank_save
31,1,12,0.06416176470588236,rank_save
31,1,13,0.06726470588235293,rank_save
31,1,14,0.06836764705882353,rank_save
31,1,15,0.06187499999999999,rank_save
31,1,16,0.0630220588235294,rank_save
31,2,2,0.07240833333333335,rank_save
31,2,3,0.06811666666666667,rank_save
31,2,4,0.07350000000000002,rank_save
31,2,5,0.06435833333333335,rank_save
31,2,6,0.06586666666666668,rank_save
31,2,7,0.068625,rank_save
31,2,8,0.07284166666666668,rank_save
31,2,9,0.07195000000000001,rank_save
31,2,10,0.06865000000000002,rank_save
31,2,11,0.06678333333333335,rank_save
31,2,12,0.06750000000000002,rank_save
31,2,13,0.03285000000000001,rank_save
31,2,14,0.07054166666666668,rank_save
31,2,15,0.06746666666666669,rank_save
31,2,16,0.06854166666666668,rank_save
31,3,2,0.0366952380952381,rank_save
31,3,3,0.07514285714285715,rank_save
31,3,4,0.07237142857142859,rank_save
31,3,5,0.07666666666666669,rank_save
31,3,6,0.0736857142857143,rank_save
31,3,7,0.06771428571428573,rank_save
31,3,8,0.07820000000000002,rank_save
31,3,9,0.07663809523809526,rank_save
31,3,10,0.07464761904761906,rank_save
31,3,11,0.07122857142857143,rank_save
31,3,12,0.07120000000000001,rank_save
31,3,14,0.0786857142857143,rank_save
31,3,15,0.07485714285714287,rank_save
31,3,16,0.07226666666666667,rank_save
31,4,3,0.07761538461538461,rank_save
31,4,4,0.08296703296703296,rank_save
31,4,5,0.08349450549450549,rank_save
31,4,6,0.08224175824175824,rank_save
31,4,7,0.07837362637362637,rank_save
31,4,8,0.0448901098901099,rank_save
31,4,9,0.07904395604395605,rank_save
31,4,10,0.07986813186813187,rank_save
31,4,11,0.07686813186813186,rank_save
31,4,12,0.07665934065934066,rank_save
31,4,14,0.08256043956043956,rank_save
31,4,15,0.07810989010989011,rank_save
31,4,16,0.07730769230769231,rank_save
31,5,3,0.01584557764333046,rank_save
31,5,4,0.07303370786516854,rank_save
31,5,5,0.102708153269951,rank_save
31,5,6,0.11761740132526648,rank_save
31,5,7,0.0692883895131086,rank_save
31,5,9,0.10573321809276864,rank_save
31,5,10,0.1095505617977528,rank_save
31,5,11,0.0759147219821377,rank_save
31,5,12,0.06554307116104867,rank_save
31,5,14,0.11934600979544797,rank_save
31,5,15,0.08268510515701526,rank_save
31,5,16,0.06273408239700375,rank_save
31,6,5,0.1,rank_save
31,6,6,0.1,rank_save
31,6,7,0.1,rank_save
31,6,9,0.1,rank_save
31,6,10,0.1,rank_save
31,6,11,0.1,rank_save
31,6,12,0.1,rank_save
31,6,14,0.1,rank_save
31,6,15,0.1,rank_save
31,6,16,0.1,rank_save
31,7,5,0.11528888888888889,rank_save
31,7,6,0.11475555555555556,rank_save
31,7,7,0.1088888888888889,rank_save
31,7,10,0.06686666666666667,rank_save
31,7,11,0.12142222222222224,rank_save
31,7,12,0.11366666666666667,rank_save
31,7,14,0.12088888888888889,rank_save
31,7,15,0.11584444444444444,rank_save
31,7,16,0.12237777777777777,rank_save
31,8,5,0.1542222222222222,rank_save
31,8,6,0.15619444444444444,rank_save
31,8,7,0.12825,rank_save
31,8,11,0.078,rank_save
31,8,12,0.12747222222222224,rank_save
31,8,14,0.09786111111111111,rank_save
31,8,15,0.12763888888888889,rank_save
31,8,16,0.1303611111111111,rank_save
31,9,5,0.14366666666666666,rank_save
31,9,6,0.1120952380952381,rank_save
31,9,7,0.20457142857142854,rank_save
31,9,12,0.17014285714285715,rank_save
31,9,15,0.19866666666666669,rank_save
31,9,16,0.17085714285714287,rank_save
31,10,7,0.25,rank_save
31,10,12,0.25,rank_save
31,10,15,0.25,rank_save
31,10,16,0.25,rank_save
32,1,1,0.07564761904761906,rank_save
32,1,2,0.07354285714285716,rank_save
32,1,3,0.07275238095238097,rank_save
32,1,4,0.07861904761904762,rank_save
32,1,5,0.07416190476190478,rank_save
32,1,6,0.07056190476190477,rank_save
32,1,7,0.03592380952380953,rank_save
32,1,8,0.07789523809523811,rank_save
32,1,9,0.07333333333333335,rank_save
32,1,10,0.07306666666666667,rank_save
32,1,11,0.0776,rank_save
32,1,12,0.07358095238095239,rank_save
32,1,13,0.07297142857142858,rank_save
32,1,14,0.07034285714285715,rank_save
32,2,1,0.02630769230769231,rank_save
32,2,2,0.08193406593406594,rank_save
32,2,3,0.08571428571428572,rank_save
32,2,4,0.07786813186813187,rank_save
32,2,5,0.07487912087912088,rank_save
32,2,6,0.08754945054945054,rank_save
32,2,8,0.08343956043956044,rank_save
32,2,9,0.07486813186813186,rank_save
32,2,10,0.07534065934065934,rank_save
32,2,11,0.08673626373626374,rank_save
32,2,12,0.08925274725274725,rank_save
32,2,13,0.0775054945054945,rank_save
32,2,14,0.0786043956043956,rank_save
32,3,2,0.08637179487179486,rank_save
32,3,3,0.08749999999999998,rank_save
32,3,4,0.08783333333333332,rank_save
32,3,5,0.08494871794871794,rank_save
32,3,6,0.0909102564102564,rank_save
32,3,8,0.0502051282051282,rank_save
32,3,9,0.08275641025641024,rank_save
32,3,10,0.08249999999999998,rank_save
32,3,11,0.0883076923076923,rank_save
32,3,12,0.08938461538461537,rank_save
32,3,13,0.0860128205128205,rank_save
32,3,14,0.08326923076923076,rank_save
32,4,2,0.10236363636363636,rank_save
32,4,3,0.10646969696969698,rank_save
32,4,4,0.10704545454545455,rank_save
32,4,5,0.09042424242424242,rank_save
32,4,6,0.030000000000000006,rank_save
32,4,9,0.08983333333333333,rank_save
32,4,10,0.09142424242424242,rank_save
32,4,11,0.10007575757575758,rank_save
32,4,12,0.10228787878787879,rank_save
32,4,13,0.08934848484848486,rank_save
32,4,14,0.09072727272727274,rank_save
32,5,2,0.04874545454545453,rank_save
32,5,3,0.10747272727272726,rank_save
32,5,4,0.11174545454545455,rank_save
32,5,5,0.09923636363636364,rank_save
32,5,9,0.10098181818181819,rank_save
32,5,10,0.10325454545454546,rank_save
32,5,11,0.10867272727272728,rank_save
32,5,12,0.11176363636363637,rank_save
32,5,13,0.10054545454545455,rank_save
32,5,14,0.10758181818181818,rank_save
32,6,3,0.1111111111111111,rank_save
32,6,4,0.1111111111111111,rank_save
32,6,5,0.1111111111111111,rank_save
32,6,9,0.1111111111111111,rank_save
32,6,10,0.1111111111111111,rank_save
32,6,11,0.1111111111111111,rank_save
32,6,12,0.1111111111111111,rank_save
32,6,13,0.1111111111111111,rank_save
32,6,14,0.1111111111111111,rank_save
32,7,3,0.125,rank_save
32,7,4,0.125,rank_save
32,7,5,0.125,rank_save
32,7,9,0.125,rank_save
32,7,10,0.125,rank_save
32,7,11,0.125,rank_save
32,7,13,0.125,rank_save
32,7,14,0.125,rank_save
32,8,3,0.08167857142857143,rank_save
32,8,4,0.15714285714285717,rank_save
32,8,5,0.14585714285714285,rank_save
32,8,9,0.16210714285714287,rank_save
32,8,11,0.15967857142857145,rank_save
32,8,13,0.15182142857142858,rank_save
32,8,14,0.14171428571428574,rank_save
32,9,4,0.16666666666666666,rank_save
32,9,5,0.16666666666666666,rank_save
32,9,9,0.16666666666666666,rank_save
32,9,11,0.16666666666666666,rank_save
32,9,13,0.16666666666666666,rank_save
32,9,14,0.16666666666666666,rank_save
32,10,4,0.2,rank_save
32,10,5,0.2,rank_save
32,10,9,0.2,rank_save
32,10,13,0.2,rank_save
32,10,14,0.2,rank_save
32,11,4,0.2,rank_save
32,11,5,0.2,rank_save
32,11,9,0.2,rank_save
32,11,13,0.2,rank_save
32,11,14,0.2,rank_save
33,1,1,0.07692307692307693,rank_save
33,1,2,0.07692307692307693,rank_save
33,1,3,0.07692307692307693,rank_save
33,1,4,0.07692307692307693,rank_save
33,1,5,0.07692307692307693,rank_save
33,1,6,0.07692307692307693,rank_save
33,1,7,0.07692307692307693,rank_save
33,1,8,0.07692307692307693,rank_save
33,1,9,0.07692307692307693,rank_save
33,1,10,0.07692307692307693,rank_save
33,1,11,0.07692307692307693,rank_save
33,1,12,0.07692307692307693,rank_save
33,1,13,0.07692307692307693,rank_save
33,2,1,0.02734065934065933,rank_save
33,2,2,0.08967032967032966,rank_save
33,2,3,0.08827472527472527,rank_save
33,2,4,0.07783516483516482,rank_save
33,2,5,0.07654945054945055,rank_save
33,2,6,0.07932967032967032,rank_save
33,2,7,0.07613186813186812,rank_save
33,2,8,0.08027472527472526,rank_save
33,2,9,0.08396703296703295,rank_save
33,2,10,0.07953846153846153,rank_save
33,2,11,0.07860439560439558,rank_save
33,2,12,0.0866153846153846,rank_save
33,2,13,0.07586813186813185,rank_save
33,3,2,0.05142424242424243,rank_save
33,3,3,0.055287878787878775,rank_save
33,3,4,0.09275757575757576,rank_save
33,3,5,0.11496969696969697,rank_save
33,3,6,0.0973030303030303,rank_save
33,3,7,0.09392424242424242,rank_save
33,3,8,0.10792424242424242,rank_save
33,3,10,0.09513636363636363,rank_save
33,3,11,0.10392424242424242,rank_save
33,3,12,0.09484848484848485,rank_save
33,3,13,0.09250000000000001,rank_save
33,4,4,0.12311111111111112,rank_save
33,4,5,0.1264888888888889,rank_save
33,4,6,0.10908888888888889,rank_save
33,4,7,0.11166666666666668,rank_save
33,4,8,0.12453333333333333,rank_save
33,4,10,0.044333333333333315,rank_save
33,4,11,0.12695555555555554,rank_save
33,4,12,0.12237777777777777,rank_save
33,4,13,0.11144444444444444,rank_save
33,5,4,0.12433333333333334,rank_save
33,5,5,0.14125,rank_save
33,5,6,0.13183333333333336,rank_save
33,5,7,0.14113888888888887,rank_save
33,5,8,0.12769444444444444,rank_save
33,5,11,0.07500000000000001,rank_save
33,5,12,0.13330555555555557,rank_save
33,5,13,0.12544444444444444,rank_save
33,6,4,0.13910714285714285,rank_save
33,6,5,0.1595,rank_save
33,6,6,0.16964285714285715,rank_save
33,6,7,0.1705357142857143,rank_save
33,6,8,0.1649642857142857,rank_save
33,6,12,0.05599999999999999,rank_save
33,6,13,0.14024999999999999,rank_save
33,7,4,0.16600000000000004,rank_save
33,7,5,0.1404761904761905,rank_save
33,7,6,0.17161904761904764,rank_save
33,7,7,0.17271428571428574,rank_save
33,7,8,0.17661904761904765,rank_save
33,7,13,0.1725714285714286,rank_save
33,8,4,0.2,rank_save
33,8,6,0.2,rank_save
33,8,7,0.2,rank_save
33,8,8,0.2,rank_save
33,8,13,0.2,rank_save
33,9,4,0.2,rank_save
33,9,6,0.2,rank_save
33,9,7,0.2,rank_save
33,9,8,0.2,rank_save
33,9,13,0.2,rank_save
34,1,1,0.07142857142857142,rank_save
34,1,2,0.07142857142857142,rank_save
34,1,3,0.07142857142857142,rank_save
34,1,4,0.07142857142857142,rank_save
34,1,5,0.07142857142857142,rank_save
34,1,6,0.07142857142857142,rank_save
34,1,7,0.07142857142857142,rank_save
34,1,8,0.07142857142857142,rank_save
34,1,9,0.07142857142857142,rank_save
34,1,10,0.07142857142857142,rank_save
34,1,11,0.07142857142857142,rank_save
34,1,12,0.07142857142857142,rank_save
34,1,13,0.07142857142857142,rank_save
34,1,14,0.07142857142857142,rank_save
34,2,1,0.040400000000000005,rank_save
34,2,2,0.08157142857142857,rank_save
34,2,3,0.07230476190476189,rank_save
34,2,4,0.028266666666666662,rank_save
34,2,5,0.07234285714285714,rank_save
34,2,6,0.09460952380952381,rank_save
34,2,7,0.0725142857142857,rank_save
34,2,8,0.07417142857142857,rank_save
34,2,9,0.07390476190476189,rank_save
34,2,10,0.0896,rank_save
34,2,11,0.07514285714285714,rank_save
34,2,12,0.07338095238095237,rank_save
34,2,13,0.07298095238095237,rank_save
34,2,14,0.0788095238095238,rank_save
34,3,2,0.08866666666666667,rank_save
34,3,3,0.08778205128205128,rank_save
34,3,5,0.0828076923076923,rank_save
34,3,6,0.09107692307692308,rank_save
34,3,7,0.08483333333333333,rank_save
34,3,8,0.08766666666666667,rank_save
34,3,9,0.048525641025641025,rank_save
34,3,10,0.08688461538461538,rank_save
34,3,11,0.08428205128205128,rank_save
34,3,12,0.09008974358974359,rank_save
34,3,13,0.08275641025641026,rank_save
34,3,14,0.08462820512820513,rank_save
34,4,2,0.11016666666666666,rank_save
34,4,3,0.09009090909090908,rank_save
34,4,5,0.08821212121212121,rank_save
34,4,6,0.11168181818181819,rank_save
34,4,7,0.10295454545454545,rank_save
34,4,8,0.026212121212121218,rank_save
34,4,10,0.10972727272727273,rank_save
34,4,11,0.08577272727272726,rank_save
34,4,12,0.0956969696969697,rank_save
34,4,13,0.08580303030303031,rank_save
34,4,14,0.09368181818181819,rank_save
34,5,2,0.1,rank_save
34,5,3,0.1,rank_save
34,5,5,0.1,rank_save
34,5,6,0.1,rank_save
34,5,7,0.1,rank_save
34,5,10,0.1,rank_save
34,5,11,0.1,rank_save
34,5,12,0.1,rank_save
34,5,13,0.1,rank_save
34,5,14,0.1,rank_save
34,6,2,0.10245454545454545,rank_save
34,6,3,0.1035090909090909,rank_save
34,6,5,0.10038181818181818,rank_save
34,6,6,0.10909090909090909,rank_save
34,6,7,0.10125454545454546,rank_save
34,6,10,0.05863636363636363,rank_save
34,6,11,0.10474545454545454,rank_save
34,6,12,0.10974545454545453,rank_save
34,6,13,0.09965454545454545,rank_save
34,6,14,0.11052727272727272,rank_save
34,7,2,0.12019999999999997,rank_save
34,7,3,0.12626666666666667,rank_save
34,7,5,0.1159111111111111,rank_save
34,7,6,0.12717777777777775,rank_save
34,7,7,0.10957777777777776,rank_save
34,7,11,0.11099999999999999,rank_save
34,7,12,0.0573111111111111,rank_save
34,7,13,0.11366666666666665,rank_save
34,7,14,0.11888888888888886,rank_save
34,8,2,0.07922222222222224,rank_save
34,8,3,0.13730555555555554,rank_save
34,8,5,0.12569444444444444,rank_save
34,8,6,0.1406111111111111,rank_save
34,8,7,0.1331388888888889,rank_save
34,8,11,0.12491666666666666,rank_save
34,8,13,0.12305555555555554,rank_save
34,8,14,0.13605555555555554,rank_save
34,9,3,0.15246428571428572,rank_save
34,9,5,0.15457142857142855,rank_save
34,9,6,0.11560714285714287,rank_save
34,9,7,0.1410357142857143,rank_save
34,9,11,0.14960714285714286,rank_save
34,9,13,0.14507142857142855,rank_save
34,9,14,0.14164285714285715,rank_save
34,10,3,0.20504761904761906,rank_save
34,10,5,0.20452380952380952,rank_save
34,10,7,0.16147619047619047,rank_save
34,10,11,0.18195238095238095,rank_save
34,10,13,0.061857142857142874,rank_save
34,10,14,0.18514285714285714,rank_save
34,11,3,0.2,rank_save
34,11,5,0.2,rank_save
34,11,7,0.2,rank_save
34,11,11,0.2,rank_save
34,11,14,0.2,rank_save
